FIPS,Chlamydia Rate per 100000
45001,569.4
22001,530.4
51001,733.6
16001,451.6
19001,268.6
21001,276.1
29001,337.6
40001,522
08001,571.6
19003,192.1
16003,188.9
17001,364.2
18001,219.1
28001,811.8
38001,43.9
31001,269.7
39001,202.2
42001,203.8
53001,461.1
55001,240.9
50001,198
72001,92.5
72003,136.5
72005,132.5
72007,209.7
72009,167.2
45003,620.8
27001,157.4
12001,916.5
37001,560.9
06001,582
08003,584.7
36001,630.2
56001,488
51003,338.6
26001,144.8
28003,391.2
02013,235.6
02016,159.6
17003,496.6
37003,200.9
51510,460.2
40003,121.4
26003,76.8
19005,166
26005,326
24001,341.1
36003,341
37005,323.2
51005,220.2
42003,465
18003,680.1
20001,256
21003,279.3
39003,600.6
22003,309
45005,1434.3
26007,207.9
06003,1101.9
06005,159.9
51007,421.2
51009,309.3
28005,283.9
02020,917.7
20003,165.6
21005,287.1
45007,609.1
47001,351.3
48001,426.1
29003,260.4
48003,410.9
23001,527.3
48005,489.6
24003,402.4
27003,365
37007,735.6
31003,95.1
26009,201.5
04001,903.4
19007,290.3
13001,431.8
51011,327.4
48007,443.6
08005,640.4
48009,149.4
08007,160.2
72013,154.7
26011,266.5
05001,654.4
51013,448.7
42005,169.8
48011,5215.5
23003,254
72015,192.1
31005,0
22005,499.8
37009,147.6
39005,229
55003,250.2
05003,609.6
39007,325.9
53003,252
22007,776.5
48013,846.5
20005,284.4
29005,96.5
39009,685.3
13003,605.2
34001,499.3
40005,674.2
28007,796.6
29007,700.2
19009,127.9
39011,253.6
51015,268.7
46003,430.9
48015,260.3
01001,504.2
37011,165.4
22009,940.5
72011,99.9
08009,251.1
13005,485.1
48017,456.2
12003,500.8
13007,518.5
41001,205.8
01003,290.1
13009,844.2
21007,337.8
24510,1330.1
24005,539.1
45009,1009
48019,153.6
13011,163.4
31007,275.9
16005,349.6
26013,168.2
20007,425.5
01005,767.9
54001,194.1
72017,162
38003,199.5
25001,255.8
45011,743.3
72019,210.9
21009,426.2
55005,279.1
13013,367.4
26015,261.3
29009,212.8
18005,339.7
20009,341.6
29011,381.7
13015,426.8
48021,952.7
29013,184
21011,257.2
51017,258.6
05005,230.6
12005,388.7
26017,397.3
72021,199.6
55007,193
48023,112
46005,255.1
16007,82.7
37013,616.3
45013,462.7
22011,369.3
40007,357.3
42007,355.4
49001,135.8
30001,488.7
27005,317
40009,501.8
42009,131
47003,356.1
51019,201.6
48025,671.5
33001,222.4
21013,230.3
48027,942.6
39013,266.5
27007,468.6
13017,707.4
16009,455.6
46007,1238.1
50003,230.9
38005,1422.8
08011,206.6
05007,307.4
19011,249.8
18007,208
27009,350.5
29015,191.7
28009,461
41003,499.8
47005,301.6
53005,442.2
26019,230.8
34003,250.5
45015,491.9
54003,331.8
42011,472
25003,201
35001,744.8
13019,498.3
26021,624.2
37015,863.6
02050,3238.4
48029,532.2
01007,621.5
13021,1108.5
22013,1011.8
30003,1257
56003,84.2
27011,100.2
38007,217.9
16011,258
19013,762.2
18009,352.2
37017,431.4
16013,294.2
30005,915.3
31009,0
40011,327.9
42013,314.3
48031,901.4
51021,111.1
13023,748.8
47007,981
01009,304.7
47009,443.2
27013,675.3
16015,156.8
28011,874.2
29017,246.1
46009,159.2
17005,282.5
16017,248.3
16019,270.5
05009,334.4
19015,323
17007,383.3
18011,219.6
21015,265.4
29019,854.5
31011,76.3
54005,91.1
48033,463.7
48035,279.1
22015,689.6
51023,149.9
38009,203.2
08013,434.9
16021,133.2
20011,288.8
21017,382.8
48037,612.7
38011,163
31013,223.6
49003,205.8
21019,190.3
31015,51.3
21021,309.2
21023,181.2
12007,374.7
42015,223.7
05011,590.5
47011,413.8
26023,298.4
13025,284.4
54007,85.3
48039,388.7
48041,647.5
21025,156.4
21027,221.6
19017,296.7
12009,344.9
48043,302
48045,727.5
02060,113.6
51520,341.6
25005,368.4
44001,238.5
30007,263.5
36005,1235.2
54009,126.5
46011,382
13027,445.8
48047,718.4
36007,324.6
08014,370.7
12011,581.8
17009,106.7
18013,105.1
20013,249.7
27015,234.8
31017,101.1
39015,319
46013,390.9
48049,433.6
55009,457.1
46015,344.2
37019,322.2
51025,881.5
13029,425.7
40013,551
19019,358.9
29021,669.2
51027,79.6
51029,334.4
42017,245.3
51530,184.8
19021,337.9
31019,312
46017,1874.7
55011,213.5
21029,190.1
13031,841.5
01011,1238.5
37021,437.8
17011,294.3
13033,690.8
37023,389.4
38013,95.5
38015,481.8
48051,305.4
34005,368.8
48053,278.8
55013,195.1
31021,246.7
01013,942.4
19023,220.3
20015,288.8
21031,313.9
29023,389.8
31023,236.2
39017,395.3
42019,232.4
06007,571.3
16023,116
46019,360.9
13035,376.2
37025,534.5
54011,396.6
72023,87
49005,213.6
40015,534
22017,1056.3
72025,261.4
06009,262.6
22019,683.1
21033,251.7
29025,319.7
37027,348.7
48055,1114.4
22021,361.3
50005,301
01015,597.4
05013,440
12013,391.9
13037,566.7
19025,206
17013,227.8
26025,784
28013,699.8
45017,563.1
48057,399.9
54013,97
48059,157.3
29027,480.5
21035,328.5
55015,233.4
24009,292.2
16025,0
42021,263.2
13039,426.8
29029,300.6
37029,355.9
34007,662.4
42023,133.3
48061,491.3
22023,285.2
48063,439
21037,358.4
46021,219.6
47013,281.4
51031,319.2
56005,516.2
72027,78.8
40017,342.7
13043,341.7
47015,228.5
16027,531.3
72029,239.4
29031,531.5
34009,321.3
30009,224.5
42025,174.5
49007,306.4
56007,228.5
16029,142.1
21039,147.7
27017,301.5
72031,239.9
24011,249.2
51033,442.3
05015,249.1
13045,594.9
19027,258
17015,230.5
18015,257.6
21041,410.8
24013,241.9
29033,366.7
28015,544.4
33003,155.9
39019,254.8
47017,475.4
51035,228.6
32510,498.2
48065,915.6
21043,170.1
29035,246.6
30011,81.3
40019,439.7
47019,365.1
37031,347.1
27019,196.1
30013,598.6
21045,163.3
19029,278
17017,471.1
18017,469.7
26027,353.8
27021,311.7
29037,354.1
38017,487.5
31025,156.6
48067,298.9
16031,336.3
48069,303.1
37033,424.1
22025,635
37035,413.4
72033,219.5
13047,317.6
35003,28.1
36009,281.5
38019,52.5
72035,160.7
36011,335.8
24015,327.3
19031,204.7
29039,290
31027,82.8
72037,181.9
42027,466.8
19033,433.8
08015,149.7
01017,714.3
48071,151.6
17019,779.8
39021,268.1
29041,160.9
51036,500
24017,683.1
46023,632.3
45019,698.9
26029,187.1
12015,150.9
51037,376.8
51540,519.9
13049,503.1
20017,230.8
31029,50.8
13051,888.1
37037,288.5
13053,613.2
13055,411.6
20019,242.1
36013,475.4
35005,529.8
47021,365.4
26031,101.9
53007,372.6
36015,380.1
36017,208.7
01019,384.4
13057,264.3
19035,159.4
20021,334.4
37039,183.3
40021,555.5
45021,937.5
48073,500.2
31031,156.2
51550,626.8
33005,231.9
42029,253
45023,730.6
47023,405.9
45025,597.2
51041,519.1
08017,107.6
20023,37.8
31033,183.2
19037,242.6
28017,853.8
05017,804.4
48075,437.5
01021,341.9
26033,221.6
27023,218.5
55017,283.9
27025,237.6
50007,361.3
01023,381.8
28019,471.9
40023,517.1
30015,104.5
37041,668.3
17021,238.9
21047,800.4
29043,311.3
32001,412.1
72039,126
35006,919.1
72041,170.1
40025,138.6
12017,224.8
41005,336.3
28021,0
47025,301.4
22027,811.6
53009,248.2
26035,211.5
45027,841.7
42031,258.6
05019,815.7
16033,235
17023,237.2
18019,377.7
20025,50.2
21049,439.5
29045,58.5
32003,615.2
39023,617
46025,161
53011,408.4
55019,181.5
01025,581.2
13059,649.8
19039,421
28023,770
51043,124
41007,365.1
01027,646.9
05021,270.9
12019,409.9
13061,589.5
19041,130.4
17025,226.1
18021,336.2
20027,112.5
21051,169.3
27027,348.3
29047,479.4
28025,809.1
37043,197.8
31035,129
46027,493.5
47027,273.5
48077,143.6
54015,127.3
13063,803.3
19043,188.1
08019,104.1
42033,181
16035,239.8
27029,238.2
01029,259.8
05023,268.1
39025,290
05025,287.7
37045,680.9
40027,483
13065,651.2
19045,465.1
17027,315.7
18023,366.6
21053,197
26037,334.5
29049,362.1
36019,375.6
39027,389.7
42035,242.9
20029,320.6
28027,1628
40029,525.4
72043,174.4
13067,455.1
04003,368.6
48079,282.6
47029,390.4
04005,744.4
46029,246.1
01031,600.6
13069,610.8
47031,316.8
20031,206.5
48081,387.5
01033,421.8
29051,610
48083,155.4
17029,631.5
31037,205
35007,281.7
45029,833.4
12021,342.1
48085,376.6
48087,0
51570,468.5
48089,337.9
13071,517
05027,924.3
12023,574.5
13073,274.5
36021,336.2
41009,306.2
42037,383.3
53013,99
55021,263.4
39029,263.5
37047,530.3
06011,270.8
48091,351
20033,0
40031,886.1
48093,214.2
72045,96.9
48095,111.8
22029,699.5
01035,667.1
08021,256.7
06013,537.9
56009,285.5
05029,389
13075,757.1
17031,836.6
27031,184.3
48097,281.5
29053,340.4
33007,320.8
41011,256.7
01037,620.1
28029,1126.8
72047,164.3
46031,1819.1
36023,425.4
48099,487
39031,292.4
08023,603.4
48101,361.8
40033,515.5
27033,213.2
51580,412.3
01039,430.3
28031,738.4
13077,321.9
20035,435.3
53015,459.8
40035,391.6
51045,235.2
05031,768.3
48103,168.2
37049,798.3
05033,345.5
13079,275.7
19047,520.8
17033,154
18025,254.9
20037,568
26039,187
29055,317.1
39033,414.6
42039,251.4
55023,270.5
40037,395.9
01041,694.4
13081,574.8
05035,1375
21055,112.4
47033,412.7
48105,436.2
41013,436.5
56011,161.2
48107,294.9
05037,727.6
27035,245.4
08025,134.3
48109,319.1
72049,174.9
01043,233.8
51047,376.5
17035,222.1
21057,119.5
23005,357.2
37051,1213.7
34011,636
42041,301.4
47035,284.6
51049,639.1
31039,44.8
37053,288.7
35009,887.8
41015,219.3
08027,81.1
16037,70.6
30017,258.8
31041,73.9
40039,727.7
46033,272.4
39035,887.9
13083,209.5
29057,277.6
49009,308
27037,347.5
31043,504.9
01045,687.8
48111,356
01047,765.1
05039,545.3
19049,303.5
29059,309.9
48113,687.9
55025,496.2
30019,115.7
51590,723.3
37055,306
39037,193
45031,895.8
42043,598.8
37057,416
47037,778
37059,310.1
18027,249.4
21059,497.6
29061,240
19051,189.5
49011,324.7
46035,409.4
31045,390.6
13085,242.8
30021,115.2
31047,235.8
48115,476
46037,326.9
35011,449.7
22031,849.6
17039,316.6
48117,491.7
18029,187.9
13087,1061.2
19053,443.6
18031,299.3
20039,244.8
47039,213.7
30023,361.5
39039,498.8
01049,252.1
13089,767.2
17037,591.3
18033,319.4
29063,199.8
47041,223.5
06015,320.8
19055,169.8
18035,704.3
36025,213.4
39041,213.1
40041,362
42045,541
08029,275.2
26041,323.6
48119,300.1
02068,344.5
29065,128.6
48121,282.2
08031,1042.4
19057,669.2
41017,311.1
05041,938.6
12027,355.9
28033,540.3
31049,54.9
46039,137.9
40043,202.8
46041,2531.6
48123,507.3
48125,135.3
51051,151.5
38021,81.1
19059,128.5
20041,251.6
26043,236.5
47043,344.3
02070,2083.8
45033,1091.1
48127,784.7
51053,502.9
11001,1284.9
38023,88.3
12029,371.6
31051,350.9
54017,233.8
13091,524.2
27039,245.6
31053,340.4
55027,413.3
08033,194.2
20043,208.9
48129,241.3
13093,569
55029,192.1
72051,153.8
24019,644.6
45035,566.2
13095,1339.7
08035,200
13097,541.3
17041,226.1
20045,677.1
27041,205.5
29067,269.5
31055,661
32005,247.5
41019,304.2
46043,170.9
53017,423.4
55031,340.7
35013,707.8
05043,627.5
18037,234.3
19061,441.6
49013,205.6
25007,496.3
31057,0
29069,390.1
38025,184.8
55033,372.6
17043,274.5
37061,540.8
37063,901
36027,397.7
12031,749.7
48131,1731.4
47045,697.3
08037,340.4
13099,1001.4
22033,909.2
22035,1372.6
22037,725.9
48133,212.9
26045,397.4
55035,483.9
13101,200
48135,506.3
38027,216.5
35015,557.8
17045,270.7
37065,1000.3
45037,497.6
21061,334.7
46045,77.6
17047,125.3
20047,141.8
48137,209.6
13103,422.6
17049,242.8
06017,234.3
08041,563.8
48141,681.1
08039,186.3
13105,377.1
20049,80.5
42047,142.8
18039,501.9
32007,312.1
21063,80
20051,628.4
40045,50.8
48139,382.1
20053,129.8
01051,503.6
16039,548.2
13107,694.5
49015,169.9
19063,398.8
26047,201.7
38029,152.5
51595,1100.1
48143,613.4
36029,592.5
39043,514
42049,474.3
01053,503.8
12033,670.3
32009,0
25009,430.9
34013,811.3
36031,222.6
51057,734.2
50009,160.4
21065,275.6
01055,530.2
32011,200.2
22039,576.2
13109,738.2
02090,931.4
51600,328.8
51059,275.2
09001,371
39045,327.6
45039,688.2
72053,283
46047,207.7
30025,103
51610,228.1
48145,441.1
13111,138.6
48147,255.8
27043,254.8
46049,86.4
05045,529.8
51061,226.5
01057,462.1
13113,312.8
19065,198.2
17051,173.2
18041,221
21067,736.3
39047,247.8
42051,336.1
47047,505.5
48149,367.9
54019,148.9
47049,251.1
30027,305.8
53019,170.2
27045,175.8
31059,162.6
20055,689.9
48151,261.7
12035,320.3
30029,322.5
21069,165.7
45041,843.2
55037,46.6
72054,168.2
13115,499.2
19067,273
18043,424
21071,195
48153,328.5
51063,69.7
51065,275.1
48155,167.9
55039,329.1
17053,249.8
20057,552
42053,123.6
55041,412.2
28035,1165.4
13117,146
37067,749.4
48157,410
38031,31.2
18045,347.8
51620,1446.4
01059,278
05047,242.1
12037,342.6
13119,343
19069,257.8
16041,131.3
17055,346.3
18047,96.9
20059,390.2
21073,468.5
25011,199.7
23007,240.7
29071,305.6
28037,683.2
37069,510.2
31061,199.1
36033,212.8
39049,777
42055,299.5
47051,293.3
48159,334
51067,249.2
50011,288.3
53021,557.4
22041,738.9
24021,331.1
51069,263.1
51630,747.3
27047,374
48161,227.4
08043,173.1
19071,200.5
16043,152
56013,533.4
06019,718.7
48163,811.4
31063,346.2
05049,219.4
13121,797.6
17057,201
18049,219.4
21075,824.3
36035,397.1
39051,255.5
42057,117
31065,127.6
12039,1051.7
31067,158.2
48165,192.1
51640,362.3
17059,138.8
21077,136.9
30031,483.5
39053,210.4
48167,460.5
31069,0
08045,397
30033,0
31071,101.3
40047,477.9
49017,139.9
53023,44.6
05051,475.9
21079,325.4
24023,130.4
40049,396.5
48169,320.4
29073,292.9
37071,705.7
37073,337.3
20061,869.5
39055,159.7
16045,261.6
26049,653.8
36037,271.4
01061,437.2
29075,106.1
28039,464.5
45043,666.9
18051,342.2
47053,630.5
04007,410.8
12041,262.5
47055,495.8
51071,107.1
48171,221
41021,158.5
13123,204.3
54021,177.3
08047,65.4
30035,1308.9
12043,474.9
26051,181.6
13125,235.1
48173,215.7
06021,418.4
34015,384.5
51073,385.6
13127,814.4
26053,152.2
30037,121.7
38033,397.1
48175,276.8
48177,385
51075,206.7
27049,257
16047,291.1
13129,312.3
56015,391.2
31073,0
20063,76.6
13131,500.5
40051,360.7
33009,297.7
04009,431.6
20065,0
37075,200.9
47057,242
08049,161.2
49019,206.5
38035,587
50013,168.8
26055,292.9
30039,207.7
05053,220
18053,602.7
20067,452.4
21081,287.3
27051,150.3
38037,85
31075,0
35017,567.7
40053,115.7
41023,292.3
46051,168.9
53025,393.1
55043,301.3
54023,120.4
22043,575
37077,761.9
26057,310.3
21083,308.2
20069,131.7
48179,285.7
53027,390.2
21085,308.1
48181,346.1
51077,204.7
20071,162.7
31077,212.3
21087,181.9
55045,246.5
55047,228.1
54025,132.2
01063,1218.2
05055,496.3
13133,422.9
19073,245.4
17061,176
18055,293.2
29077,775.8
28041,393
37079,796
36039,308.1
39057,448.5
42059,390.1
47059,316.6
51079,299.6
04011,508
51081,594.8
21089,169.8
45045,545.3
20073,349.4
45047,723.8
40055,378.4
48183,723.7
46053,167.1
28043,867.3
38039,314.2
48185,381.7
19075,211.9
17063,237.4
29079,300.8
47061,134.9
35019,692.2
48187,265.2
72057,206.2
72059,107.3
72061,167.1
39059,512.7
37081,965.1
12045,303.5
08051,273.8
72063,167.2
19077,270.5
72055,115.9
13135,427.1
46055,105.2
13137,357
02100,40.2
01065,1512
48189,535.2
37083,967.7
51083,485.6
13139,356.3
31079,328
48191,363.6
47063,297.1
12047,680.1
19079,275.4
17065,122.7
18057,228
20075,346.2
31081,118.8
36041,90.3
39061,852.8
47065,615.2
48193,188.7
46057,247.1
25013,613.4
25015,320.8
54027,132.7
51650,1143.5
45049,692.6
13141,645.3
19081,261.4
17067,157.1
18059,307.3
21091,171.7
23009,230.2
28045,359.6
39063,321.4
47067,213.4
54029,161.6
46059,30.9
51085,304.1
48195,182.8
46061,148.6
13143,304.5
12049,390.2
47069,728
48197,534.5
19083,342.4
17069,128.4
21093,531.4
39065,283.3
47071,334.7
48199,204.9
35021,307.7
46063,239.6
54031,130.8
24025,383.2
21095,155.8
31083,29.5
40057,334.4
37085,565
41025,246.8
20077,308.6
40059,214.6
13145,335.6
48201,585.8
19085,361.6
18061,179
21097,218.3
29081,238.3
28047,656.4
39067,217.6
48203,429.5
54033,139.3
51660,746
13147,326
21099,232.8
09003,544.3
48205,17.8
20079,345.2
20081,350.9
40061,237.4
48207,193
72065,121.1
15001,343.9
47073,278.6
31085,218.1
48209,534.8
37087,269.8
47075,1026.1
13149,353.8
48211,182.1
05057,922.3
17071,194.1
21101,402.1
37089,287.6
47077,436
48213,324
18063,263.6
12051,537.1
27053,625.3
51087,573.3
01067,570.7
13151,602.5
19087,314.5
17073,271
18065,307.5
21103,298.9
29083,380.6
39069,239.9
47079,470.1
51089,331
36043,269
12053,331.1
37091,812.5
38041,519.4
21105,112.8
47081,371.9
29085,179.7
35023,590.9
48215,392.8
39071,295
51091,0
12055,346.9
30041,1040.3
48217,262.7
12057,604.9
33011,329
26059,245.1
28049,1256.4
08053,123.8
31087,178.5
39073,268
48219,670.4
20083,54.9
37093,727.7
12059,442.3
28051,1375.8
39075,91.1
29087,113.3
31089,206.9
15003,583.9
48221,270.9
41027,425.5
31091,147.9
02105,Data not available
51670,1143.3
21107,390.9
48223,372.9
72067,97
45051,541.1
05059,466.3
56017,328.4
26061,169.7
01069,598.5
13153,621.1
27055,156.1
47083,340.1
48225,299.1
05061,857
19089,141.7
18067,522.8
24027,362.7
29089,387.7
31093,46.5
48227,392.5
29091,309
27057,267.7
34017,501.7
48229,167.1
08055,290.4
40063,360.8
46065,378.9
72069,187.6
06023,579.1
19091,366.1
32013,321.9
28053,1078
47085,226.4
48231,415.1
34019,170.7
42061,191.7
18069,251.1
26063,211.5
39077,342.7
46067,68.4
48233,293.6
37095,358.1
46069,78.7
22045,795.4
22047,957.4
19093,175.3
16049,163.9
06025,582.3
05063,431.6
12061,312.4
42063,399.1
26065,645
06027,378.9
26067,354.7
26069,239
19095,185.7
55049,160.2
37097,408.8
48235,263.9
26071,252.2
29093,323.9
49021,277.2
55051,140.7
17075,207.4
13155,638.6
72071,159
26073,407.3
27059,217.8
53029,250.5
51093,446.3
28055,382.6
27061,377.4
28057,0
05065,220.9
48237,521.2
01071,203.4
05067,793.9
08057,143.4
12063,513.4
13157,258.8
19097,247.1
17077,1082.2
18071,465.2
20085,354.2
21109,194
26075,599.1
27063,222.3
29095,918.5
28059,504.4
37099,467.9
39079,163.8
40065,657.9
41029,453.5
46071,854.2
47087,305.7
48239,249.4
55053,224.7
54035,90.6
22049,697.6
51095,334.1
13159,413.4
19099,263.5
17079,124.7
18073,284.7
29097,577.8
28061,840.2
45053,699.9
48241,385.8
18075,299.1
72073,165.1
13161,451.9
48243,222.9
01073,776.6
05069,1267.9
08059,230.1
12065,453.9
13163,914.2
19101,257.4
16051,98.6
17081,461.4
18077,388.7
20087,254.6
21111,617.2
29099,282.5
28063,1311.2
30043,157.1
31095,112.7
36045,780.4
39081,270.6
40067,245.7
41031,695.7
42065,169.7
47089,281.4
48245,582.9
53031,141.8
55055,263.4
54037,283
28065,838.2
22053,672.2
22051,725.1
13165,502
18079,274.6
46073,0
16053,382.3
17083,206.5
21113,333
20089,140.6
48247,385.2
48249,142.3
17085,239.1
05071,330.1
13167,381.2
19103,678.2
17087,177.1
18081,338.9
20091,357.8
21115,196.5
29101,764.6
31097,58.7
47091,180
48251,322.6
56019,106.6
37101,435.6
40069,526.3
13169,261.5
19105,232.2
28067,683.3
37103,499.3
46075,0
48253,100.7
41033,336.2
49023,154.8
72075,139.2
30045,51.4
72077,198.9
02110,477.6
55057,188
42067,105.2
26077,877.3
15005,3488.4
26079,219
27065,270.8
54039,278.3
27067,330.9
17089,409.2
49025,104.2
17091,613.9
48255,229.9
15007,228.6
48257,384.3
40071,546.1
31099,122.3
20093,406
31101,100
28069,904.1
02122,233.9
17093,337.5
48259,140.3
48261,228.8
23011,298.3
55059,503.2
10001,790.3
24029,375.6
26081,602.4
44003,267.6
48263,275.5
21117,395.1
19107,342.7
06029,777.4
48265,175.5
45055,477.2
02130,534.1
55061,117.7
26083,143.5
31103,124.1
38043,163.1
31105,55.9
48267,207.5
51097,269.7
48269,0
53033,459.2
51099,398.3
51101,301.4
40073,240.3
20095,249.3
06031,642.7
36047,840
46077,81.2
48271,162.5
08061,290.1
20097,281.2
40075,274.9
08063,265.4
53035,443.4
53037,485.7
27069,164
41035,517.1
48273,820.3
53039,234.9
21119,66.3
17095,490.2
18083,385.3
21121,460.1
23013,287
29103,126.1
31107,142.8
39083,185.8
47093,573.3
48275,163.8
02150,422.6
27071,201.1
16055,390.8
18085,343.8
19109,100.8
02158,2763.4
55063,454.1
04012,337.5
08067,403.2
48283,200.2
20099,507.4
27073,105
42069,274.9
29105,413
05073,733.6
12067,218.6
29107,307.3
28071,795.6
55065,239.9
22055,592.7
22057,624.6
18087,144.8
72079,127.3
06033,514.6
08065,471.6
12069,340.9
17097,462.3
18089,563.7
26085,286.3
27075,263.9
30047,536.1
39085,334.2
41037,217
46079,191.5
47095,891
27077,187.3
02164,626.6
01075,259.3
13171,448.3
28073,360.8
48277,639.5
48279,457.9
50015,276.7
38045,269.9
48281,307.6
31109,541.2
42071,288.6
45057,356.7
51103,607.7
32015,270.4
20101,129.4
41039,487.9
55067,275.5
13173,434.6
26087,211.6
18091,379.2
56021,394.5
72081,53.1
08069,428.3
21123,209.8
08071,372.2
72083,150.5
72085,194.4
17099,315.1
22059,409.4
06035,372.3
16057,434.4
40077,196.6
01077,443.8
28075,836
47097,896.3
21125,258.8
13175,665.5
45059,602.5
48285,218.8
01079,264.1
05075,486.9
17101,189.7
18093,317.8
21127,147.6
29109,339.7
28077,723
39087,287.8
42073,359.9
46081,365.4
47099,386.1
40079,537
27079,255.4
35025,490.3
28079,807.3
20103,497
42075,320.5
01081,493.7
05077,757.6
12071,418.2
13177,326
19111,297.9
17103,300.3
21129,99.3
28081,675.5
37105,467.3
45061,1156.5
48287,134.5
51105,143.7
26089,184.2
28083,1537.6
42077,509.3
16059,201.7
26091,288.4
37107,959.1
12073,1149.3
48289,278.1
21131,78.8
21133,114.6
12075,468.2
30049,352.7
16061,339.2
21135,218.6
29111,254.1
36049,230.3
47101,298.2
53041,351.9
54041,174.8
51678,178.2
45063,629.5
12077,510.3
13179,1742.4
30051,41.4
48291,456.9
39089,351.2
01083,416.9
48293,269.9
05079,303.4
08073,285.4
13181,328.1
16063,370.5
20105,33.4
21137,296.6
23015,267.4
27081,194.1
29113,343.7
28085,587.5
30053,232.4
37109,384.1
31111,307.3
35027,245.9
32017,152.8
40081,427.7
41041,264.1
46083,234.7
47103,465.1
53043,130.5
55069,238.5
54043,116.6
56023,144
22061,1320.3
19113,575.4
20107,286.6
29115,232.6
41043,371.1
48295,119.7
09005,217
05081,553
48297,650.3
17105,322
21139,227.2
26093,195.6
29117,382.1
36051,268.9
22063,444.1
48299,78.7
05083,369.1
08075,265
17107,463.5
20109,142.2
21141,326.1
38047,212
31113,264.9
39091,322.1
40083,626.5
54045,61.3
13183,335.2
05085,431.9
39093,477.3
35028,121.1
06037,673.8
47105,286.3
51107,223.2
19115,412.4
51109,261
31115,0
40085,324.9
48301,0
01085,992.6
13185,931.1
28087,898.6
72087,360.7
48303,824.7
19117,232.1
39095,788.2
26095,300.3
13187,237.1
35029,590.5
51111,368.4
72089,250.1
42079,390.7
42081,408.4
46085,972.7
51680,709.6
48305,188.1
19119,169.3
20111,525.5
21143,146.9
27083,355.7
32019,351.2
26097,241.2
26099,405.6
01087,1233.6
13193,569.9
17115,777
29121,309.9
37113,286.3
47111,341.7
17117,209.6
06039,584.5
01089,647.9
05087,189.5
12079,496.2
13195,404.8
19121,228.3
16065,50.9
17119,505.6
18095,591.2
21151,576.5
29123,254.3
28089,532.9
30057,152.4
37115,327.7
31119,341
36053,282.6
39097,211.8
47113,958
48313,271.5
51113,218.9
22065,1393.4
21153,308.4
19123,395.1
27087,764.1
39099,483.8
40093,354
41045,608.8
51683,575
51685,474.1
12081,403.2
72091,187.4
26101,114.5
55071,284.8
55073,245.2
01091,493.3
72093,147.5
04013,601.1
29125,159.6
06041,311.6
55075,306.9
01093,208.4
05089,210
12083,433.9
13197,501.6
19125,261.6
17121,679.5
18097,1085.6
20115,209.7
21155,388.1
29127,539.6
28091,533.3
39101,478.4
41047,548.3
45067,1027.2
47115,447.6
48315,373.2
54049,240.7
06043,183.9
45069,985.1
26103,465.5
55077,194.6
01095,229.8
19127,403.6
17123,148
18099,276.5
20117,185.3
21157,185.9
27089,159.9
28093,784.5
40095,340.8
46091,81.3
47117,411.2
54051,191.4
12085,222.1
18101,185.9
21159,114.8
27091,268.1
37117,750.2
48317,228.8
51690,989.9
17125,295.6
21161,363
26105,189.1
48319,140.9
53045,371.7
54053,164.5
17127,399.3
48321,309
02170,362.2
51115,295.7
15009,341.4
72095,231.6
47119,548.4
48323,420.4
72097,205.7
40097,393.1
40087,328.4
30055,0
46087,107.1
45065,403.9
21145,490
21147,277.6
48307,325.7
40089,643.1
29119,352.7
17109,950.5
37111,318.9
54047,65.9
13189,631.6
17111,230
38049,155
13191,600.5
38051,0
40091,400.1
42083,227.1
38053,316.3
35031,979
17113,554.5
21149,259.2
38055,188.9
48309,745.5
27085,231.7
47107,367.5
48311,136.8
47109,425.9
20113,287.4
31117,0
46089,0
20119,122
21163,178.2
46093,287.2
30059,215.4
37119,839.5
51117,486.5
26107,336.4
39103,196.7
48325,202.5
27093,194.4
39105,173.4
47121,365.9
46095,835.8
17129,227.8
48327,518.9
06045,497.7
21165,435
26109,226.8
55078,870.5
06047,598.6
17131,218.6
21167,414.7
29129,82.7
38057,133.1
34021,533.7
39107,173.4
42085,321.4
54055,109.8
13199,597.3
31121,90.5
33013,229.7
08077,418.4
21169,178.7
18103,280.5
20121,299.4
39109,238.6
12086,493.4
09007,265.2
25017,336.4
34023,315.4
51119,307.5
26111,234.3
48329,480.6
42087,365.7
48331,511.1
49027,146.3
27095,287.4
05091,998.6
13201,545.4
29131,177.8
19129,225.6
48333,122.9
55079,1182.2
46097,136.1
08079,129.5
30061,394.7
32021,330.1
54057,144.7
54059,62.9
16067,284.8
46099,578.6
26113,337.7
05093,1273.2
29133,731.7
30063,524.3
13205,709.3
19131,141.9
20123,163.7
37121,240.1
48335,293.3
01097,723.1
72099,71.7
06049,215.9
08081,227.6
04015,256.1
29135,290.4
34025,286.7
06051,152.7
19133,254.1
54061,379.6
01099,574.5
05095,930.2
12087,275.6
13207,312.7
19135,244.6
17133,180.4
18105,645.9
21171,214.3
26115,252.4
29137,185.3
28095,832.8
36055,719.8
39111,116.1
42089,365
47123,317.7
55081,314.3
54063,37.6
48337,143
26117,303.4
06053,515
08083,340.3
01101,1169.5
05097,303
13209,610.8
19137,281.1
17135,285.8
18107,350.1
20125,420.7
21173,288.2
24031,420.6
29139,200.2
28097,730.4
37123,517
36057,309.8
39113,630.9
42091,294.8
47125,1038.4
48339,270.4
51121,370.4
26119,64.7
42093,526.3
08085,208.5
46101,230.7
37125,391.7
47127,201.3
48341,517
35033,512.6
22067,1180.7
01103,354
08087,455.4
13211,419.5
17137,531.9
18109,296.6
21175,97.2
29141,122.5
39115,377.2
47129,246.1
49029,184
54065,145.8
72101,116.5
31123,235.3
20127,180
34027,193.5
48343,333.3
27097,123.7
39117,236.4
41049,475.4
20129,334.2
38059,466.9
48345,162.3
17139,266.2
38061,752
27099,443.4
21177,383
41051,679.9
13213,378
27101,157.5
40099,451
19139,429.2
13215,886.9
26121,744.2
39119,457.4
40101,623.5
30065,151.1
48347,784.2
72103,133.9
31125,114.1
25019,401.9
06055,419.3
72105,150.8
37127,721.6
12089,314.2
36059,352.4
22069,890.8
56025,506.5
04017,694.8
48349,393.7
21179,443.1
38063,138.6
51125,275.9
20131,187.7
31127,201.2
20133,343.2
28099,843.9
20135,107.3
05099,842.6
06057,216.1
10003,645.7
37129,521.4
09009,556.4
51127,268.9
09011,392.1
29143,550
36061,1056.9
26123,282.6
45071,926
44005,382.8
51700,1130.9
05101,243.6
13217,762.2
18111,164.5
29145,400.6
28101,669.6
48351,210.9
16069,395
36063,473.2
21181,194.6
54067,60.4
27103,292.4
56027,0
18113,292.4
39121,250.9
40103,274.8
27105,436.9
29147,418.5
48353,878.4
02180,2964.3
51710,1309.6
25021,306.7
27107,61.7
02185,954.3
37131,893.5
42095,409.4
51131,782.2
42097,249.2
51133,443.8
02188,3041.3
51720,327.3
20137,184.5
51135,1305.2
40105,330.8
28103,1308.1
31129,166.4
48355,755.2
32023,214.7
19141,275.4
26125,349.7
47131,713.5
34029,193.5
26127,327.6
48357,212.9
13219,154.5
45073,383.1
55083,224.7
26129,177.2
46102,851.3
17141,279.6
13221,232.1
18115,153.1
21183,157.9
54069,273.3
12091,532.1
53047,294.4
12093,369.7
40107,314.5
40109,736.2
40111,615.9
28105,932
21185,177.4
48359,47.2
38065,0
27109,458.6
16071,89.6
36065,399.6
55085,194.7
36067,695.6
37133,1061.9
36069,300.7
26131,69
06059,449.2
12095,715.5
18117,306.9
37135,465.6
36071,409.3
48361,287.5
51137,245.9
50017,207.7
45075,1153.9
29149,236.8
36073,403.4
50019,286.7
22071,1272.1
72107,103.9
20139,320
29151,168.5
40113,358.7
20141,173.5
12097,459.2
19143,165.9
26133,273.8
26135,133.8
36075,279.1
08089,441.7
35035,553.6
31131,137.6
26137,182.6
36077,367.8
20143,139.1
26139,315.7
39123,201.1
40115,558.8
27111,182.4
05103,842.5
22073,1009.2
08091,103.7
55087,322.1
47133,253.8
18119,258.8
21187,441.1
21189,22.4
16073,497
23017,287.4
29153,132.3
55089,130.3
53049,167.6
19145,256.1
51139,212.7
12099,406.3
19147,280.8
48363,398.3
37137,261.2
28107,1220.9
48365,350
08093,140.4
30067,168.2
56029,308.1
18121,571.3
48367,213.7
48369,329.3
12101,302.2
37139,811
34031,574.9
72109,190.5
51141,118.9
13223,349.9
39125,298.8
20145,182.6
31133,152.5
40117,373
16075,391.4
40119,526.9
13225,1001.4
28109,491.7
48371,362.8
38067,29
29155,750.5
53051,235.5
37141,328.9
21191,226.2
54071,85.9
27113,324.6
46103,679.8
23019,367.5
17143,961.7
55091,232.7
31135,34.5
46105,103.2
37143,455.9
01105,705.6
05105,260.1
17145,312.1
18123,162.5
21193,145
29157,223.1
28111,671.3
39127,285.8
42099,227.5
47135,211.2
32027,194.5
37145,443.8
02195,Data not available
51730,1767.8
30069,0
29159,402.9
72111,262.9
29161,392.8
31137,144.3
42101,1276
05107,1368.1
08095,210
20147,113.7
30071,98.5
17147,287.2
39129,387.4
01107,600.6
13227,203
45077,491.1
47137,158.3
13229,464.2
38069,147.4
31139,167.9
53053,654.3
55093,300.5
01109,827.3
05109,178.1
13231,230.6
17149,237.3
18125,129.2
21195,145.3
29163,216.2
28113,744
39131,243.4
42103,168.5
04019,645.2
04021,400.2
27115,213.8
12103,453.4
27117,98.6
23021,256.8
08097,339.3
37147,1139.4
40121,517.4
51143,272.6
49031,0
06061,286.7
22075,466.1
29165,395.1
31141,252.4
56031,152.7
54073,159.9
06063,320.2
19149,239.8
25023,390.8
19151,223.4
54075,95.1
05111,564.8
22077,594.2
05113,239.8
12105,503.3
13233,451
19153,645.1
27119,222.9
29167,384.9
37149,179
31143,76.3
41053,424.7
47139,277.8
48373,292.3
55095,224.9
72113,205.9
30073,167.8
28115,388.9
40123,572.2
05115,375.8
17151,95.6
27121,126.2
51735,197.2
39133,408.6
55097,337.3
18127,286.7
51740,1328.8
18129,195.7
20149,165.2
40125,537.8
19155,545.8
42105,162.4
46107,272
48375,994.9
30075,0
21197,274.8
30077,762.3
16077,311.7
19157,216.6
51145,256.8
05117,383.6
30079,93.5
20151,214.1
39135,202.4
28117,394.6
48377,306.3
26141,204.8
54077,98.4
55099,194.7
51147,694.1
51149,792.3
24033,880.9
51153,482.6
02201,Data not available
02198,173
44007,647
08099,430.5
08101,570.4
05119,906.6
13235,685.9
17153,496.9
18131,352.2
21199,289.5
29169,715.4
51155,346.4
40127,357.4
12107,518.6
13237,540.8
17155,226.6
18133,237.4
29171,126.4
36079,189.2
39137,260.3
47141,387.9
54079,114.8
35037,473.2
72115,109.5
24035,247.3
36081,618.1
13239,531
28119,1020.6
13241,320.3
55101,610.6
51750,1243
48379,189.3
54081,215.7
29173,244.3
27123,618.7
38071,388.6
48381,210.8
01111,576.4
05121,411.8
13243,513.8
17157,261.1
18135,241.9
29175,465
37151,353.9
54083,163.1
28121,362.4
38073,268
22079,814.1
51157,190.6
30081,257.1
20153,119.9
29177,326.9
48383,294.4
48385,57.5
27125,225.5
48387,329.4
22081,926.6
31145,140.1
27127,144.2
48389,509.3
48391,342.9
20155,476.5
36083,504.8
27129,260.1
38075,127.2
20157,21.5
29179,127.3
47143,352.5
20159,189.8
27131,289.9
49033,285
31147,239.4
17159,274
30083,248.7
38077,382
39139,543
45079,1052.1
55103,310.4
22083,845.6
51760,1295.3
13245,1279.3
37153,904.5
36085,359.7
51159,568.6
20161,779
72117,117.5
19159,202.4
35039,686.8
08103,252.8
08105,594.4
18137,207.4
29181,156.5
54085,92.3
06065,468.3
47145,272.3
54087,64.7
51770,876.7
51161,213.6
46109,819.2
48393,0
21201,93.9
47147,325.9
48395,702.7
37155,872
27133,234
31149,74
55105,532.9
17161,487.3
51163,175.7
21203,112.9
13247,755.8
37157,459.1
33015,226.7
51165,264.6
36087,339.5
48397,170.1
40129,137.1
40131,294.1
38079,1136
20163,220.2
30085,1237.7
35041,852.9
26143,205.8
27135,112.2
30087,1460.2
39141,336.9
08107,270.5
21205,489.7
37159,672.4
48399,226
18139,264.5
20165,327.2
48401,326
55107,241
01113,598.8
20167,231.8
21207,376.6
51167,212.7
37161,423.8
47149,541.2
50021,201.4
72119,198.6
72121,124.3
48403,368.8
22085,481.2
19161,134
06067,744.6
23023,283
26145,769.4
08109,146.2
51775,272.8
34033,430.3
72123,132.9
05125,291.6
17165,466.6
20169,439.4
29195,406.3
31151,230.2
49035,460.2
45081,431.4
37163,509.9
48405,363.5
06069,387.2
06071,615.3
06073,657.3
06075,1077.7
72125,72.8
48407,390
06077,576.9
08111,130.9
35045,887.7
49037,273.5
53055,87.6
72127,283.7
72129,273
06079,421
06081,402.8
08113,220
35047,680.5
48409,190.5
48411,363
72131,140.2
46111,125.2
30089,185.7
35043,506.6
39143,405.2
17167,749.3
26151,196.6
49039,144.2
06083,608.4
06085,430.3
04023,478.5
06087,456.1
35049,511.5
72133,156.8
12113,269.4
12115,271.2
36091,237.7
38081,51.9
31153,303.7
55111,399.6
31155,173.9
55113,109.3
36093,526.8
48413,277.8
13249,153
36095,215.1
26153,149.2
17169,160.1
29197,108.8
36097,134.2
42107,246.1
39145,290.1
29199,162
37165,906.4
05127,280.5
19163,582.2
17171,345
18143,302.7
20171,244.4
21209,441.3
27139,291.5
29201,578.6
28123,833.4
47151,199.7
51169,230.7
31157,386.9
13251,608.9
48415,404.5
05129,163.9
05131,529.9
08115,175.7
20173,631
12117,423.2
13253,604.6
40133,444.5
36099,245.8
39147,387.7
47153,201.5
40135,312.6
05133,334.1
47155,340.2
49041,186.1
20175,579.9
31159,121.6
48417,215
29203,158.7
28125,1188.6
05135,352.8
06089,356.7
55115,313.9
20177,719.7
55117,345.4
01117,204.1
19165,216.3
17173,207.1
18145,265
21211,428.6
29205,166.8
39149,343.5
47157,1038.5
48419,351.7
51171,193.2
27141,254.3
20179,79.3
30091,118.1
38083,0
31161,134.9
56033,373.9
20181,202.8
31163,32.9
41055,294.1
48421,0
26155,287.7
16079,297.1
27143,240
06091,200.2
35051,283.1
30093,362.7
21213,255.4
28127,415.5
19167,195.4
38085,2330.4
31165,0
06093,305.4
02220,222.1
53057,365.3
02230,Data not available
02232,180.5
53059,159.4
38087,0
20183,139.3
28129,449.2
47159,270.3
48117,488.8
51173,476.1
53061,327.5
42109,224.6
35053,604.6
06095,702.5
24039,730.3
23025,305
34035,257.4
42111,151.6
48425,210.4
06097,456.2
51175,434.7
02240,216.2
13255,606.6
45083,594
18147,274.7
21215,173.5
46115,123.4
53063,538.7
51177,391.8
22087,799.5
29183,304.7
22089,606.3
01115,221.1
17163,847.5
26147,309.4
29185,181.1
55109,189.5
05123,850.7
29187,401.6
22091,569.4
22093,912.5
22095,999.6
12109,285.2
18141,686.8
26149,356.3
22097,639
36089,271.4
29510,1446.2
27137,424.2
29189,648.1
12111,405.4
22099,681.5
22101,730.3
24037,447.1
22103,391.8
20185,360.4
51179,415.8
06099,531.3
46117,232
37167,429.4
20187,98.8
31167,50.3
17175,258.4
38089,482.3
39151,459.3
18149,117.6
48427,353.3
51790,480.4
29186,274.1
27145,375.2
27147,370.2
38091,52.9
13257,415.3
40137,477.1
48429,361.5
17177,524.6
48431,230.1
18151,336.4
36101,275.4
20189,234.8
27149,174.3
53065,236.6
13259,497.3
47161,367.1
30095,168.7
29207,317.8
37169,252.7
05137,192.7
29209,246
28131,427.8
48433,0
32029,175.8
19169,646.8
33017,375.2
38093,344.9
56035,204.1
51800,713.4
25025,863.4
36103,346.2
18153,270.6
29211,304.8
33019,190.2
36105,362.1
42113,576
47163,282.4
46119,217.9
54089,47.3
08117,360.2
39153,634.3
49043,276.9
20191,295.4
47165,356.8
01119,1116
12119,181.8
13261,939.7
45085,948.2
28133,1037.7
37171,287.7
51181,479.7
42115,86.3
10005,446.8
34037,140.6
51183,569.3
06101,367.4
48435,266.5
12121,534.2
37173,828.1
30097,0
56037,312.7
27151,289.6
48437,148.4
18155,158.4
13263,572.3
24041,277.8
13265,434.2
01121,529.1
28135,988.5
01123,439.1
19171,379.4
29213,407.4
22105,851.8
35055,336.4
48439,460
28137,659.7
13267,561.1
12123,427
13269,498.8
19173,357.1
21217,352.7
48441,388.2
55119,176.8
54091,142.6
17179,267.3
51185,175.4
06103,293.7
13271,513.3
08119,143.4
22107,514.5
22109,815.9
13273,1886.6
48443,123.5
48445,453.7
16081,77.2
30099,98.1
56039,382.5
29215,184.3
40139,287.9
31169,138.9
13275,665.4
20193,246.4
31171,0
48447,133
31173,976.1
53067,418.8
13277,767.1
41057,198.4
40141,450.6
36107,189.9
42117,179.4
28139,322.2
18157,597
18159,198.5
47167,477.5
28141,196
48449,323.7
72135,135.2
72137,147.5
21219,276.3
27153,240.1
46121,2508.5
09013,295.3
48451,624.5
36109,448.2
49045,265.8
30101,186.1
13279,799.2
35057,419
38095,274.6
13281,185.4
38097,411.5
37175,225.3
27155,303.9
48453,721.3
30103,148.6
20195,71.5
55121,356
13283,425.7
21221,313.8
21223,212.6
06105,167.1
48455,238.3
46123,491.7
13285,789.1
47169,326.3
72139,186.8
39155,466.4
54093,100.9
06107,562.4
40143,690.2
28143,1824.2
06109,281.3
13287,758.7
46125,59.4
01125,888.5
39157,287.8
26157,250.8
13289,232.4
16083,424.3
48457,263.8
54095,148.7
37177,437.4
56041,207
49047,285.3
36111,336.8
41059,393.9
47171,258.1
05139,710.3
12125,541.5
13291,108.8
19175,618
17181,291.1
18161,156.5
21225,1064.2
28145,408.9
37179,416.8
34039,452.9
35059,194.7
39159,353.1
41061,318.3
42119,211
45087,706.3
46127,218.4
47173,208.2
22111,624.9
48459,255
54097,201.1
13293,492.6
48461,357.4
49049,204.7
72141,90.9
48463,392
48465,418.5
02261,502.1
35061,754.9
16085,99.8
30037,432.1
31175,47.7
05141,222.4
19177,171.1
26159,361.7
47175,208.2
39161,318.6
48467,173.3
37181,1097.8
18163,720
72143,131.4
72145,129.6
42121,273.4
06111,355.1
17183,664.9
22113,480.9
18165,270.8
29217,263.5
55123,126.7
22115,640.3
48469,521.3
72147,334.8
18167,596.1
55125,173.3
72149,223.9
39163,220.6
51810,660.7
12127,382.5
17185,225.6
18169,250
27157,157.1
20197,260.4
27159,182.2
40145,335.7
53069,68
37183,594
12129,413.4
23027,196.7
01127,263.9
13295,239
48471,834.1
53071,351.4
20199,268.6
48473,364.4
41063,127.5
38099,197.3
28147,588.8
12131,366.2
13297,315.4
46129,328.6
55127,311.9
19179,645.9
38101,527.2
48475,375.8
13299,885.2
13301,571.8
19181,296
17187,294.3
18171,241.5
21227,491
29219,261.7
28149,1117.3
37185,615.6
34041,209.4
36113,317.7
39165,187.1
42123,184.6
47177,335.6
51187,265
18173,275.3
49051,139.1
41065,450.2
27161,326.8
56043,342.8
55129,164.2
01129,597.5
05143,634
08121,61.4
12133,363
13303,754.5
19183,258.4
16087,346
17189,185.7
18175,272.1
20201,110.1
21229,324.4
24043,380.3
23029,300.1
27163,289.7
29221,180.5
28151,1347.8
37187,764.7
31177,194
36115,223.6
39167,267.8
40147,308.9
41067,405.6
42125,308.7
44009,370.3
47179,380.8
48477,394.4
49053,281.5
51191,168.3
50023,330.6
55131,207.5
22117,770.6
40149,154
32031,572
26161,457.9
37189,489
27165,363.4
55133,210.9
55135,205.4
55137,210.2
13305,496.5
19185,156.1
17191,122.5
18177,445.1
21231,303.5
26163,861.5
29223,205.6
28153,581.4
37191,741.7
31179,397.1
36117,322.6
39169,241.8
42127,157.6
47181,312.6
49055,74.9
54099,67.6
51820,616.9
47183,469.9
48479,453.3
49057,398.5
13307,460.5
19187,668.7
21233,260.5
29225,319
28155,786.7
31181,254.7
54101,120.9
22119,881.6
08123,457.4
18179,217.2
38103,51.2
22121,685.6
22123,246
22125,329.2
36119,405.4
42129,215.1
51193,387.3
56045,173.3
54103,203.2
26165,272.1
48481,298.8
53073,370.8
30107,228.9
13309,316.5
31183,0
41069,222.1
48483,38.8
05145,483.5
13311,183.4
17193,154.2
18181,364.6
47185,324.9
32033,125.8
17195,406.8
13313,452.8
18183,196.8
21235,518
53075,980.2
30109,485.4
20203,236.7
48485,435.5
24045,810.3
48487,352.2
01131,858.6
13315,441.8
13317,709.7
37193,265.4
27167,336.3
13319,785.1
28157,535.2
17197,423.6
48489,400.9
38105,589.2
39171,419.2
51830,479.9
45089,731.9
17199,268.7
47187,178.5
48491,239.4
20205,150
37195,810.9
47189,329.2
48493,147.4
51840,497.1
09015,326.3
50025,220.5
50027,181.1
48495,450
22127,763.9
19189,332.1
17201,743.2
55139,456.5
19191,239.8
27169,396.2
01133,206.8
28159,710.2
54105,51.6
48497,161.1
51195,290.4
21237,291.7
39173,318.2
48499,221.4
55141,279.6
54107,191.3
19193,680.9
17203,207.6
21239,260.5
05147,494.9
40151,607.2
20207,314.1
40153,413.5
25027,336.4
24047,379.1
13321,448.2
19195,161.9
29227,148.1
02275,Data not available
02280,0
19197,267.9
27171,190.7
29229,296.9
39175,241.8
20209,896.4
36121,137.4
42131,173.5
54109,57.7
51197,299.7
72151,201.5
37197,229.4
53077,702.8
02282,167.8
28161,784.7
41071,344.1
37199,190.2
46135,413
36123,220.4
72153,118.2
04025,215.3
28163,1044.9
05149,284.2
27173,132.7
30111,559.9
48501,407.5
06113,489.7
23031,288.5
31185,203.7
42133,400.1
45091,562.5
51199,281
48503,300.2
06115,450
02290,1231.6
04027,550.5
08125,160.9
48505,303.9
48507,142
46137,765.3