County,State,FIPS Code,Formatted FIPS,Estimated percent of people age 16 years or older who were emplo
Autauga,AL,1001,01001,12.95
Baldwin,AL,1003,01003,9.25
Barbour,AL,1005,01005,23.05
Bibb,AL,1007,01007,16.9
Blount,AL,1009,01009,17.16
Bullock,AL,1011,01011,36.26
Butler,AL,1013,01013,25.02
Calhoun,AL,1015,01015,17.74
Chambers,AL,1017,01017,31.44
Cherokee,AL,1019,01019,24.32
Chilton,AL,1021,01021,14.84
Choctaw,AL,1023,01023,15.86
Clarke,AL,1025,01025,25.32
Clay,AL,1027,01027,29.93
Cleburne,AL,1029,01029,21.43
Coffee,AL,1031,01031,11.95
Colbert,AL,1033,01033,19.45
Conecuh,AL,1035,01035,18.5
Coosa,AL,1037,01037,21.63
Covington,AL,1039,01039,15.46
Crenshaw,AL,1041,01041,18.53
Cullman,AL,1043,01043,17.06
Dale,AL,1045,01045,10.87
Dallas,AL,1047,01047,25.95
DeKalb,AL,1049,01049,27.61
Elmore,AL,1051,01051,11.47
Escambia,AL,1053,01053,16.2
Etowah,AL,1055,01055,18.98
Fayette,AL,1057,01057,24.71
Franklin,AL,1059,01059,31.46
Geneva,AL,1061,01061,15.75
Greene,AL,1063,01063,29.3
Hale,AL,1065,01065,18.51
Henry,AL,1067,01067,14.52
Houston,AL,1069,01069,9.22
Jackson,AL,1071,01071,28.24
Jefferson,AL,1073,01073,9.41
Lamar,AL,1075,01075,24.29
Lauderdale,AL,1077,01077,13.94
Lawrence,AL,1079,01079,24.95
Lee,AL,1081,01081,13.26
Limestone,AL,1083,01083,18.48
Lowndes,AL,1085,01085,22.57
Macon,AL,1087,01087,14.31
Madison,AL,1089,01089,11.11
Marengo,AL,1091,01091,15.23
Marion,AL,1093,01093,21.83
Marshall,AL,1095,01095,22.81
Mobile,AL,1097,01097,12.34
Monroe,AL,1099,01099,18.36
Montgomery,AL,1101,01101,11.37
Morgan,AL,1103,01103,20.55
Perry,AL,1105,01105,9.33
Pickens,AL,1107,01107,19.5
Pike,AL,1109,01109,13.06
Randolph,AL,1111,01111,26.06
Russell,AL,1113,01113,13.49
St. Clair,AL,1115,01115,15.87
Shelby,AL,1117,01117,7.84
Sumter,AL,1119,01119,11.84
Talladega,AL,1121,01121,21.39
Tallapoosa,AL,1123,01123,20.56
Tuscaloosa,AL,1125,01125,14.65
Walker,AL,1127,01127,11.91
Washington,AL,1129,01129,20.1
Wilcox,AL,1131,01131,14.79
Winston,AL,1133,01133,19.57
Aleutians East,AK,2013,02013,47.53
Aleutians West,AK,2016,02016,32.56
Anchorage,AK,2020,02020,2.39
Bethel,AK,2050,02050,1.36
Bristol Bay,AK,2060,02060,1.07
Denali,AK,2068,02068,1.59
Dillingham,AK,2070,02070,0.05
Fairbanks North Star,AK,2090,02090,1.58
Haines,AK,2100,02100,3.73
Hoonah-Angoon,AK,2105,02105,9.81
Juneau,AK,2110,02110,3.16
Kenai Peninsula,AK,2122,02122,3.82
Ketchikan Gateway,AK,2130,02130,4.86
Kodiak Island,AK,2150,02150,21.12
Lake and Peninsula,AK,2164,02164,6.13
Matanuska-Susitna,AK,2170,02170,2.42
Nome,AK,2180,02180,3.03
North Slope,AK,2185,02185,9.44
Northwest Arctic,AK,2188,02188,2.71
Petersburg,AK,2195,02195,11.37
Prince of Wales-Hyder,AK,2198,02198,6.47
Sitka,AK,2220,02220,5.23
Skagway,AK,2230,02230,5.69
Southeast Fairbanks,AK,2240,02240,3.5
Valdez-Cordova,AK,2261,02261,4.13
Wade Hampton,AK,2270,02270,5.06
Wrangell,AK,2275,02275,6.45
Yakutat,AK,2282,02282,4.72
Yukon-Koyukuk,AK,2290,02290,4.52
Apache,AZ,4001,04001,2.02
Cochise,AZ,4003,04003,3.51
Coconino,AZ,4005,04005,6.41
Gila,AZ,4007,04007,4.24
Graham,AZ,4009,04009,4.34
Greenlee,AZ,4011,04011,1.76
La Paz,AZ,4012,04012,5.15
Maricopa,AZ,4013,04013,7.43
Mohave,AZ,4015,04015,6
Navajo,AZ,4017,04017,2.86
Pima,AZ,4019,04019,6.69
Pinal,AZ,4021,04021,8.58
Santa Cruz,AZ,4023,04023,4.8
Yavapai,AZ,4025,04025,5.61
Yuma,AZ,4027,04027,4.56
Arkansas,AR,5001,05001,21.12
Ashley,AR,5003,05003,19.06
Baxter,AR,5005,05005,18.16
Benton,AR,5007,05007,14.15
Boone,AR,5009,05009,11.92
Bradley,AR,5011,05011,18.04
Calhoun,AR,5013,05013,17.57
Carroll,AR,5015,05015,20.75
Chicot,AR,5017,05017,17.85
Clark,AR,5019,05019,11.15
Clay,AR,5021,05021,13.68
Cleburne,AR,5023,05023,14.74
Cleveland,AR,5025,05025,17.61
Columbia,AR,5027,05027,17.77
Conway,AR,5029,05029,15.99
Craighead,AR,5031,05031,14.28
Crawford,AR,5033,05033,19.27
Crittenden,AR,5035,05035,11.4
Cross,AR,5037,05037,8.06
Dallas,AR,5039,05039,25.41
Desha,AR,5041,05041,13.48
Drew,AR,5043,05043,12.64
Faulkner,AR,5045,05045,8.75
Franklin,AR,5047,05047,18.22
Fulton,AR,5049,05049,8.09
Garland,AR,5051,05051,8.4
Grant,AR,5053,05053,14.34
Greene,AR,5055,05055,21.91
Hempstead,AR,5057,05057,20.48
Hot Spring,AR,5059,05059,14.32
Howard,AR,5061,05061,29.64
Independence,AR,5063,05063,21.14
Izard,AR,5065,05065,14.86
Jackson,AR,5067,05067,15.5
Jefferson,AR,5069,05069,16.86
Johnson,AR,5071,05071,24.94
Lafayette,AR,5073,05073,15.61
Lawrence,AR,5075,05075,13.79
Lee,AR,5077,05077,11.79
Lincoln,AR,5079,05079,14.62
Little River,AR,5081,05081,20.9
Logan,AR,5083,05083,22.04
Lonoke,AR,5085,05085,8.19
Madison,AR,5087,05087,15.45
Marion,AR,5089,05089,27.42
Miller,AR,5091,05091,14.66
Mississippi,AR,5093,05093,26.97
Monroe,AR,5095,05095,16.32
Montgomery,AR,5097,05097,8.65
Nevada,AR,5099,05099,16.07
Newton,AR,5101,05101,11.5
Ouachita,AR,5103,05103,21.5
Perry,AR,5105,05105,12.65
Phillips,AR,5107,05107,9.96
Pike,AR,5109,05109,16.86
Poinsett,AR,5111,05111,17.97
Polk,AR,5113,05113,16.46
Pope,AR,5115,05115,15.04
Prairie,AR,5117,05117,11.97
Pulaski,AR,5119,05119,7.08
Randolph,AR,5121,05121,17.2
St. Francis,AR,5123,05123,14.81
Saline,AR,5125,05125,8.49
Scott,AR,5127,05127,28.18
Searcy,AR,5129,05129,13.43
Sebastian,AR,5131,05131,17.37
Sevier,AR,5133,05133,29.94
Sharp,AR,5135,05135,14.37
Stone,AR,5137,05137,6.27
Union,AR,5139,05139,16.5
Van Buren,AR,5141,05141,7.02
Washington,AR,5143,05143,14.08
White,AR,5145,05145,11.47
Woodruff,AR,5147,05147,10.21
Yell,AR,5149,05149,22.81
Alameda,CA,6001,06001,9.8
Alpine,CA,6003,06003,2.62
Amador,CA,6005,06005,4.3
Butte,CA,6007,06007,6.79
Calaveras,CA,6009,06009,8.49
Colusa,CA,6011,06011,11.64
Contra Costa,CA,6013,06013,6.48
Del Norte,CA,6015,06015,4.38
El Dorado,CA,6017,06017,6.98
Fresno,CA,6019,06019,6.84
Glenn,CA,6021,06021,8.95
Humboldt,CA,6023,06023,4.38
Imperial,CA,6025,06025,3.72
Inyo,CA,6027,06027,2.89
Kern,CA,6029,06029,5.31
Kings,CA,6031,06031,7.16
Lake,CA,6033,06033,4.81
Lassen,CA,6035,06035,1.94
Los Angeles,CA,6037,06037,9.27
Madera,CA,6039,06039,9.28
Marin,CA,6041,06041,4.9
Mariposa,CA,6043,06043,4.33
Mendocino,CA,6045,06045,6.9
Merced,CA,6047,06047,11.29
Modoc,CA,6049,06049,1.01
Mono,CA,6051,06051,2.79
Monterey,CA,6053,06053,5.12
Napa,CA,6055,06055,13.11
Nevada,CA,6057,06057,5.83
Orange,CA,6059,06059,12.24
Placer,CA,6061,06061,6.13
Plumas,CA,6063,06063,6.18
Riverside,CA,6065,06065,8.49
Sacramento,CA,6067,06067,5.48
San Benito,CA,6069,06069,12.93
San Bernardino,CA,6071,06071,8.48
San Diego,CA,6073,06073,9.21
San Francisco,CA,6075,06075,5.24
San Joaquin,CA,6077,06077,9.5
San Luis Obispo,CA,6079,06079,7.12
San Mateo,CA,6081,06081,7.8
Santa Barbara,CA,6083,06083,6.82
Santa Clara,CA,6085,06085,16.44
Santa Cruz,CA,6087,06087,8.32
Shasta,CA,6089,06089,5.77
Sierra,CA,6091,06091,5.28
Siskiyou,CA,6093,06093,5.45
Solano,CA,6095,06095,8.55
Sonoma,CA,6097,06097,9.5
Stanislaus,CA,6099,06099,12.01
Sutter,CA,6101,06101,6.99
Tehama,CA,6103,06103,9
Trinity,CA,6105,06105,5.35
Tulare,CA,6107,06107,8.04
Tuolumne,CA,6109,06109,5.59
Ventura,CA,6111,06111,9.8
Yolo,CA,6113,06113,5.64
Yuba,CA,6115,06115,6.11
Adams,CO,8001,08001,7.94
Alamosa,CO,8003,08003,2.32
Arapahoe,CO,8005,08005,5.58
Archuleta,CO,8007,08007,3.66
Baca,CO,8009,08009,3.95
Bent,CO,8011,08011,2.06
Boulder,CO,8013,08013,9.86
Broomfield,CO,8014,08014,9.71
Chaffee,CO,8015,08015,6.47
Cheyenne,CO,8017,08017,1.41
Clear Creek,CO,8019,08019,4.96
Conejos,CO,8021,08021,2.44
Costilla,CO,8023,08023,5.81
Crowley,CO,8025,08025,4.73
Custer,CO,8027,08027,4.58
Delta,CO,8029,08029,4.42
Denver,CO,8031,08031,5.49
Dolores,CO,8033,08033,3.91
Douglas,CO,8035,08035,6.13
Eagle,CO,8037,08037,2.86
Elbert,CO,8039,08039,6.08
El Paso,CO,8041,08041,5.65
Fremont,CO,8043,08043,4.17
Garfield,CO,8045,08045,2.94
Gilpin,CO,8047,08047,11.88
Grand,CO,8049,08049,1.53
Gunnison,CO,8051,08051,1.89
Hinsdale,CO,8053,08053,3.13
Huerfano,CO,8055,08055,7.66
Jackson,CO,8057,08057,2.81
Jefferson,CO,8059,08059,7.52
Kiowa,CO,8061,08061,0
Kit Carson,CO,8063,08063,4.35
Lake,CO,8065,08065,2.57
La Plata,CO,8067,08067,3.09
Larimer,CO,8069,08069,9.84
Las Animas,CO,8071,08071,2.93
Lincoln,CO,8073,08073,0.33
Logan,CO,8075,08075,3.63
Mesa,CO,8077,08077,5.17
Mineral,CO,8079,08079,0.48
Moffat,CO,8081,08081,2.27
Montezuma,CO,8083,08083,4.02
Montrose,CO,8085,08085,7.57
Morgan,CO,8087,08087,17.39
Otero,CO,8089,08089,7.81
Ouray,CO,8091,08091,1.85
Park,CO,8093,08093,7.02
Phillips,CO,8095,08095,7.91
Pitkin,CO,8097,08097,1.24
Prowers,CO,8099,08099,4.7
Pueblo,CO,8101,08101,6.78
Rio Blanco,CO,8103,08103,3.64
Rio Grande,CO,8105,08105,5.94
Routt,CO,8107,08107,3.43
Saguache,CO,8109,08109,6.95
San Juan,CO,8111,08111,4.65
San Miguel,CO,8113,08113,3.63
Sedgwick,CO,8115,08115,4.99
Summit,CO,8117,08117,2.86
Teller,CO,8119,08119,5.14
Washington,CO,8121,08121,7.75
Weld,CO,8123,08123,10.43
Yuma,CO,8125,08125,3.12
Fairfield,CT,9001,09001,7.8
Hartford,CT,9003,09003,10.82
Litchfield,CT,9005,09005,13.21
Middlesex,CT,9007,09007,10.68
New Haven,CT,9009,09009,10.76
New London,CT,9011,09011,13.26
Tolland,CT,9013,09013,11.39
Windham,CT,9015,09015,13.24
Kent,DE,10001,10001,7.76
New Castle,DE,10003,10003,7.82
Sussex,DE,10005,10005,8.96
District of Columbia,DC,11001,11001,1.27
Alachua,FL,12001,12001,3.32
Baker,FL,12003,12003,9.07
Bay,FL,12005,12005,6.18
Bradford,FL,12007,12007,5.64
Brevard,FL,12009,12009,11.02
Broward,FL,12011,12011,4.67
Calhoun,FL,12013,12013,8.27
Charlotte,FL,12015,12015,4.27
Citrus,FL,12017,12017,3.75
Clay,FL,12019,12019,4.83
Collier,FL,12021,12021,4
Columbia,FL,12023,12023,5.69
DeSoto,FL,12027,12027,2.94
Dixie,FL,12029,12029,8.85
Duval,FL,12031,12031,5.49
Escambia,FL,12033,12033,4.65
Flagler,FL,12035,12035,6.53
Franklin,FL,12037,12037,2.72
Gadsden,FL,12039,12039,5.43
Gilchrist,FL,12041,12041,7.08
Glades,FL,12043,12043,6.45
Gulf,FL,12045,12045,4.33
Hamilton,FL,12047,12047,10.58
Hardee,FL,12049,12049,6.11
Hendry,FL,12051,12051,8.99
Hernando,FL,12053,12053,5.37
Highlands,FL,12055,12055,3.51
Hillsborough,FL,12057,12057,5.09
Holmes,FL,12059,12059,3.11
Indian River,FL,12061,12061,4.77
Jackson,FL,12063,12063,3.82
Jefferson,FL,12065,12065,3
Lafayette,FL,12067,12067,7.3
Lake,FL,12069,12069,4.62
Lee,FL,12071,12071,3.41
Leon,FL,12073,12073,2.01
Levy,FL,12075,12075,5.75
Liberty,FL,12077,12077,6.16
Madison,FL,12079,12079,10.09
Manatee,FL,12081,12081,7.4
Marion,FL,12083,12083,6.28
Martin,FL,12085,12085,5.67
Miami-Dade,FL,12086,12086,4.33
Monroe,FL,12087,12087,2.42
Nassau,FL,12089,12089,8.21
Okaloosa,FL,12091,12091,4.73
Okeechobee,FL,12093,12093,4.99
Orange,FL,12095,12095,4.61
Osceola,FL,12097,12097,3.11
Palm Beach,FL,12099,12099,4.23
Pasco,FL,12101,12101,5.09
Pinellas,FL,12103,12103,7.1
Polk,FL,12105,12105,5.9
Putnam,FL,12107,12107,8.04
St. Johns,FL,12109,12109,5.76
St. Lucie,FL,12111,12111,4.82
Santa Rosa,FL,12113,12113,4.73
Sarasota,FL,12115,12115,5.23
Seminole,FL,12117,12117,5.55
Sumter,FL,12119,12119,4.1
Suwannee,FL,12121,12121,5.99
Taylor,FL,12123,12123,15.38
Union,FL,12125,12125,6.07
Volusia,FL,12127,12127,5.84
Wakulla,FL,12129,12129,5.06
Walton,FL,12131,12131,3.36
Washington,FL,12133,12133,5.22
Appling,GA,13001,13001,11.79
Atkinson,GA,13003,13003,18.86
Bacon,GA,13005,13005,18.38
Baker,GA,13007,13007,13.83
Baldwin,GA,13009,13009,8.18
Banks,GA,13011,13011,18.29
Barrow,GA,13013,13013,12.58
Bartow,GA,13015,13015,18.7
Ben Hill,GA,13017,13017,19.07
Berrien,GA,13019,13019,17.57
Bibb,GA,13021,13021,8.12
Bleckley,GA,13023,13023,11.22
Brantley,GA,13025,13025,7.45
Brooks,GA,13027,13027,11.52
Bryan,GA,13029,13029,12.19
Bulloch,GA,13031,13031,9.82
Burke,GA,13033,13033,16.02
Butts,GA,13035,13035,14.17
Calhoun,GA,13037,13037,8.71
Camden,GA,13039,13039,8.39
Candler,GA,13043,13043,10.46
Carroll,GA,13045,13045,18.28
Catoosa,GA,13047,13047,16.5
Charlton,GA,13049,13049,9.35
Chatham,GA,13051,13051,8.69
Chattahoochee,GA,13053,13053,5.32
Chattooga,GA,13055,13055,32.48
Cherokee,GA,13057,13057,9.76
Clarke,GA,13059,13059,6.88
Clay,GA,13061,13061,11.79
Clayton,GA,13063,13063,6.82
Clinch,GA,13065,13065,17.07
Cobb,GA,13067,13067,7.38
Coffee,GA,13069,13069,16.38
Colquitt,GA,13071,13071,15.52
Columbia,GA,13073,13073,9.75
Cook,GA,13075,13075,13.89
Coweta,GA,13077,13077,13.2
Crawford,GA,13079,13079,7.61
Crisp,GA,13081,13081,12.65
Dade,GA,13083,13083,17.73
Dawson,GA,13085,13085,12.95
Decatur,GA,13087,13087,11.41
DeKalb,GA,13089,13089,5.74
Dodge,GA,13091,13091,15.33
Dooly,GA,13093,13093,13.99
Dougherty,GA,13095,13095,9.37
Douglas,GA,13097,13097,9.7
Early,GA,13099,13099,11.45
Echols,GA,13101,13101,11.15
Effingham,GA,13103,13103,18.17
Elbert,GA,13105,13105,25.19
Emanuel,GA,13107,13107,18.17
Evans,GA,13109,13109,17.8
Fannin,GA,13111,13111,12.46
Fayette,GA,13113,13113,8.24
Floyd,GA,13115,13115,18.46
Forsyth,GA,13117,13117,9.27
Franklin,GA,13119,13119,18.45
Fulton,GA,13121,13121,5.95
Gilmer,GA,13123,13123,14.64
Glascock,GA,13125,13125,19.59
Glynn,GA,13127,13127,6.59
Gordon,GA,13129,13129,30.74
Grady,GA,13131,13131,12.86
Greene,GA,13133,13133,9.9
Gwinnett,GA,13135,13135,8.94
Habersham,GA,13137,13137,21.16
Hall,GA,13139,13139,19.62
Hancock,GA,13141,13141,5.02
Haralson,GA,13143,13143,19.06
Harris,GA,13145,13145,11.16
Hart,GA,13147,13147,17.1
Heard,GA,13149,13149,17.56
Henry,GA,13151,13151,6.94
Houston,GA,13153,13153,9.75
Irwin,GA,13155,13155,13.97
Jackson,GA,13157,13157,15.24
Jasper,GA,13159,13159,16.29
Jeff Davis,GA,13161,13161,16.99
Jefferson,GA,13163,13163,23
Jenkins,GA,13165,13165,12.47
Johnson,GA,13167,13167,14.3
Jones,GA,13169,13169,11.5
Lamar,GA,13171,13171,22.01
Lanier,GA,13173,13173,5.48
Laurens,GA,13175,13175,11.11
Lee,GA,13177,13177,9.86
Liberty,GA,13179,13179,9.12
Lincoln,GA,13181,13181,16.39
Long,GA,13183,13183,9.5
Lowndes,GA,13185,13185,9.08
Lumpkin,GA,13187,13187,11.17
McDuffie,GA,13189,13189,15.29
McIntosh,GA,13191,13191,14.91
Macon,GA,13193,13193,23.85
Madison,GA,13195,13195,12.51
Marion,GA,13197,13197,13.58
Meriwether,GA,13199,13199,24.11
Miller,GA,13201,13201,12.86
Mitchell,GA,13205,13205,16.12
Monroe,GA,13207,13207,8.46
Montgomery,GA,13209,13209,8.47
Morgan,GA,13211,13211,15.45
Murray,GA,13213,13213,36.65
Muscogee,GA,13215,13215,9.99
Newton,GA,13217,13217,15.38
Oconee,GA,13219,13219,8
Oglethorpe,GA,13221,13221,15.23
Paulding,GA,13223,13223,10
Peach,GA,13225,13225,9.46
Pickens,GA,13227,13227,13.58
Pierce,GA,13229,13229,14.27
Pike,GA,13231,13231,15.81
Polk,GA,13233,13233,27.63
Pulaski,GA,13235,13235,13.33
Putnam,GA,13237,13237,12.86
Quitman,GA,13239,13239,22.03
Rabun,GA,13241,13241,8.07
Randolph,GA,13243,13243,16.02
Richmond,GA,13245,13245,9.67
Rockdale,GA,13247,13247,11.12
Schley,GA,13249,13249,12.16
Screven,GA,13251,13251,18.22
Seminole,GA,13253,13253,13.72
Spalding,GA,13255,13255,14.18
Stephens,GA,13257,13257,16.97
Stewart,GA,13259,13259,14.48
Sumter,GA,13261,13261,17.19
Talbot,GA,13263,13263,15.95
Taliaferro,GA,13265,13265,23.24
Tattnall,GA,13267,13267,7.9
Taylor,GA,13269,13269,12.98
Telfair,GA,13271,13271,23.44
Terrell,GA,13273,13273,11.35
Thomas,GA,13275,13275,9.93
Tift,GA,13277,13277,11.98
Toombs,GA,13279,13279,11.23
Towns,GA,13281,13281,6.17
Treutlen,GA,13283,13283,12.61
Troup,GA,13285,13285,25.54
Turner,GA,13287,13287,9.81
Twiggs,GA,13289,13289,16.89
Union,GA,13291,13291,6.51
Upson,GA,13293,13293,18.7
Walker,GA,13295,13295,18.24
Walton,GA,13297,13297,11.17
Ware,GA,13299,13299,12.68
Warren,GA,13301,13301,25.25
Washington,GA,13303,13303,12.89
Wayne,GA,13305,13305,13.34
Webster,GA,13307,13307,16.94
Wheeler,GA,13309,13309,6.06
White,GA,13311,13311,13.55
Whitfield,GA,13313,13313,40.36
Wilcox,GA,13315,13315,10.75
Wilkes,GA,13317,13317,16.32
Wilkinson,GA,13319,13319,14.93
Worth,GA,13321,13321,15.04
Hawaii,HI,15001,15001,2.24
Honolulu,HI,15003,15003,3.27
Kalawao,HI,15005,15005,0
Kauai,HI,15007,15007,2.27
Maui,HI,15009,15009,2.41
Ada,ID,16001,16001,8.69
Adams,ID,16003,16003,8.2
Bannock,ID,16005,16005,8.35
Bear Lake,ID,16007,16007,6.31
Benewah,ID,16009,16009,14.59
Bingham,ID,16011,16011,9.74
Blaine,ID,16013,16013,3.68
Boise,ID,16015,16015,12.01
Bonner,ID,16017,16017,12.27
Bonneville,ID,16019,16019,8.5
Boundary,ID,16021,16021,11.07
Butte,ID,16023,16023,3.05
Camas,ID,16025,16025,4.87
Canyon,ID,16027,16027,11.46
Caribou,ID,16029,16029,11
Cassia,ID,16031,16031,13.63
Clark,ID,16033,16033,13.94
Clearwater,ID,16035,16035,11.01
Custer,ID,16037,16037,4.66
Elmore,ID,16039,16039,11.94
Franklin,ID,16041,16041,19.43
Fremont,ID,16043,16043,9.91
Gem,ID,16045,16045,7.87
Gooding,ID,16047,16047,12.23
Idaho,ID,16049,16049,11.39
Jefferson,ID,16051,16051,8.55
Jerome,ID,16053,16053,15.41
Kootenai,ID,16055,16055,8.81
Latah,ID,16057,16057,7.04
Lemhi,ID,16059,16059,9.36
Lewis,ID,16061,16061,9.42
Lincoln,ID,16063,16063,6.84
Madison,ID,16065,16065,5.24
Minidoka,ID,16067,16067,15.62
Nez Perce,ID,16069,16069,14.61
Oneida,ID,16071,16071,19.54
Owyhee,ID,16073,16073,10.49
Payette,ID,16075,16075,16.92
Power,ID,16077,16077,12.47
Shoshone,ID,16079,16079,4.04
Teton,ID,16081,16081,4
Twin Falls,ID,16083,16083,11.38
Valley,ID,16085,16085,2.06
Washington,ID,16087,16087,10.94
Adams,IL,17001,17001,12.61
Alexander,IL,17003,17003,8.71
Bond,IL,17005,17005,11.64
Boone,IL,17007,17007,23.4
Brown,IL,17009,17009,8.96
Bureau,IL,17011,17011,16.03
Calhoun,IL,17013,17013,6.91
Carroll,IL,17015,17015,21.39
Cass,IL,17017,17017,21.06
Champaign,IL,17019,17019,7.49
Christian,IL,17021,17021,13.15
Clark,IL,17023,17023,21.61
Clay,IL,17025,17025,25.06
Clinton,IL,17027,17027,11.86
Coles,IL,17029,17029,15.39
Cook,IL,17031,17031,9.63
Crawford,IL,17033,17033,22.07
Cumberland,IL,17035,17035,21.57
DeKalb,IL,17037,17037,12.14
De Witt,IL,17039,17039,10.98
Douglas,IL,17041,17041,20.52
DuPage,IL,17043,17043,12.13
Edgar,IL,17045,17045,20.88
Edwards,IL,17047,17047,22.57
Effingham,IL,17049,17049,15.13
Fayette,IL,17051,17051,14.92
Ford,IL,17053,17053,12.27
Franklin,IL,17055,17055,12.26
Fulton,IL,17057,17057,13.23
Gallatin,IL,17059,17059,11.72
Greene,IL,17061,17061,13.96
Grundy,IL,17063,17063,11.85
Hamilton,IL,17065,17065,11.13
Hancock,IL,17067,17067,14.26
Hardin,IL,17069,17069,9.62
Henderson,IL,17071,17071,18.58
Henry,IL,17073,17073,16.75
Iroquois,IL,17075,17075,11.52
Jackson,IL,17077,17077,7.11
Jasper,IL,17079,17079,18.78
Jefferson,IL,17081,17081,14.87
Jersey,IL,17083,17083,9.49
Jo Daviess,IL,17085,17085,13.97
Johnson,IL,17087,17087,5.09
Kane,IL,17089,17089,16.37
Kankakee,IL,17091,17091,15.5
Kendall,IL,17093,17093,11.47
Knox,IL,17095,17095,10.29
Lake,IL,17097,17097,16.28
LaSalle,IL,17099,17099,14.79
Lawrence,IL,17101,17101,14.89
Lee,IL,17103,17103,16.77
Livingston,IL,17105,17105,18.33
Logan,IL,17107,17107,12.44
McDonough,IL,17109,17109,7.96
McHenry,IL,17111,17111,15.69
McLean,IL,17113,17113,6
Macon,IL,17115,17115,17.89
Macoupin,IL,17117,17117,11.53
Madison,IL,17119,17119,11.32
Marion,IL,17121,17121,19.28
Marshall,IL,17123,17123,19.95
Mason,IL,17125,17125,11.18
Massac,IL,17127,17127,7.38
Menard,IL,17129,17129,3.63
Mercer,IL,17131,17131,15.84
Monroe,IL,17133,17133,11.17
Montgomery,IL,17135,17135,9.67
Morgan,IL,17137,17137,10.04
Moultrie,IL,17139,17139,25.9
Ogle,IL,17141,17141,19.24
Peoria,IL,17143,17143,15.32
Perry,IL,17145,17145,12.69
Piatt,IL,17147,17147,13.21
Pike,IL,17149,17149,9.83
Pope,IL,17151,17151,8.17
Pulaski,IL,17153,17153,5.19
Putnam,IL,17155,17155,19.34
Randolph,IL,17157,17157,16.91
Richland,IL,17159,17159,15.24
Rock Island,IL,17161,17161,17.58
St. Clair,IL,17163,17163,8.81
Saline,IL,17165,17165,8.75
Sangamon,IL,17167,17167,4.76
Schuyler,IL,17169,17169,15.9
Scott,IL,17171,17171,13.37
Shelby,IL,17173,17173,16.33
Stark,IL,17175,17175,17.79
Stephenson,IL,17177,17177,18.16
Tazewell,IL,17179,17179,15.14
Union,IL,17181,17181,8.4
Vermilion,IL,17183,17183,15.65
Wabash,IL,17185,17185,18.64
Warren,IL,17187,17187,17.16
Washington,IL,17189,17189,17.2
Wayne,IL,17191,17191,19.95
White,IL,17193,17193,13.37
Whiteside,IL,17195,17195,20.4
Will,IL,17197,17197,10.78
Williamson,IL,17199,17199,9.68
Winnebago,IL,17201,17201,23.07
Woodford,IL,17203,17203,16.2
Adams,IN,18001,18001,31.23
Allen,IN,18003,18003,18.44
Bartholomew,IN,18005,18005,34.17
Benton,IN,18007,18007,19.89
Blackford,IN,18009,18009,30.71
Boone,IN,18011,18011,14.27
Brown,IN,18013,18013,16.27
Carroll,IN,18015,18015,27.98
Cass,IN,18017,18017,31.54
Clark,IN,18019,18019,16.54
Clay,IN,18021,18021,27.3
Clinton,IN,18023,18023,27.18
Crawford,IN,18025,18025,22.23
Daviess,IN,18027,18027,21.1
Dearborn,IN,18029,18029,17.45
Decatur,IN,18031,18031,32.12
DeKalb,IN,18033,18033,35.25
Delaware,IN,18035,18035,12.14
Dubois,IN,18037,18037,30.36
Elkhart,IN,18039,18039,35.62
Fayette,IN,18041,18041,25.02
Floyd,IN,18043,18043,15.38
Fountain,IN,18045,18045,30.67
Franklin,IN,18047,18047,26.42
Fulton,IN,18049,18049,29.2
Gibson,IN,18051,18051,26.6
Grant,IN,18053,18053,17.17
Greene,IN,18055,18055,14.47
Hamilton,IN,18057,18057,11.53
Hancock,IN,18059,18059,13.24
Harrison,IN,18061,18061,18.6
Hendricks,IN,18063,18063,12.88
Henry,IN,18065,18065,20.7
Howard,IN,18067,18067,27.99
Huntington,IN,18069,18069,26.56
Jackson,IN,18071,18071,29.97
Jasper,IN,18073,18073,19.77
Jay,IN,18075,18075,32.66
Jefferson,IN,18077,18077,27.51
Jennings,IN,18079,18079,26.39
Johnson,IN,18081,18081,15.56
Knox,IN,18083,18083,16.93
Kosciusko,IN,18085,18085,41.36
LaGrange,IN,18087,18087,46.39
Lake,IN,18089,18089,15.53
LaPorte,IN,18091,18091,21.82
Lawrence,IN,18093,18093,21.82
Madison,IN,18095,18095,14.21
Marion,IN,18097,18097,10.81
Marshall,IN,18099,18099,33.93
Martin,IN,18101,18101,21.49
Miami,IN,18103,18103,27.01
Monroe,IN,18105,18105,9.5
Montgomery,IN,18107,18107,27.44
Morgan,IN,18109,18109,14.45
Newton,IN,18111,18111,23.26
Noble,IN,18113,18113,41.26
Ohio,IN,18115,18115,20.4
Orange,IN,18117,18117,23.78
Owen,IN,18119,18119,22.48
Parke,IN,18121,18121,24.94
Perry,IN,18123,18123,34.15
Pike,IN,18125,18125,23.54
Porter,IN,18127,18127,17.26
Posey,IN,18129,18129,20.92
Pulaski,IN,18131,18131,31.01
Putnam,IN,18133,18133,19.06
Randolph,IN,18135,18135,24.17
Ripley,IN,18137,18137,25.02
Rush,IN,18139,18139,26.68
St. Joseph,IN,18141,18141,18.05
Scott,IN,18143,18143,29.14
Shelby,IN,18145,18145,22
Spencer,IN,18147,18147,25.68
Starke,IN,18149,18149,27.57
Steuben,IN,18151,18151,29.44
Sullivan,IN,18153,18153,16.04
Switzerland,IN,18155,18155,23.83
Tippecanoe,IN,18157,18157,17.24
Tipton,IN,18159,18159,26.83
Union,IN,18161,18161,14.9
Vanderburgh,IN,18163,18163,17.19
Vermillion,IN,18165,18165,21.74
Vigo,IN,18167,18167,15.22
Wabash,IN,18169,18169,26.68
Warren,IN,18171,18171,23.43
Warrick,IN,18173,18173,17.7
Washington,IN,18175,18175,24.41
Wayne,IN,18177,18177,20.79
Wells,IN,18179,18179,23.76
White,IN,18181,18181,25.21
Whitley,IN,18183,18183,25.66
Adair,IA,19001,19001,14.75
Adams,IA,19003,19003,18.82
Allamakee,IA,19005,19005,12.63
Appanoose,IA,19007,19007,20.46
Audubon,IA,19009,19009,9.67
Benton,IA,19011,19011,17.59
Black Hawk,IA,19013,19013,17.93
Boone,IA,19015,19015,10.36
Bremer,IA,19017,19017,19.62
Buchanan,IA,19019,19019,20.43
Buena Vista,IA,19021,19021,29.18
Butler,IA,19023,19023,17.75
Calhoun,IA,19025,19025,10.11
Carroll,IA,19027,19027,12.41
Cass,IA,19029,19029,12.12
Cedar,IA,19031,19031,16.25
Cerro Gordo,IA,19033,19033,15.45
Cherokee,IA,19035,19035,12.32
Chickasaw,IA,19037,19037,26.37
Clarke,IA,19039,19039,20.8
Clay,IA,19041,19041,11.34
Clayton,IA,19043,19043,19.86
Clinton,IA,19045,19045,20.12
Crawford,IA,19047,19047,27.77
Dallas,IA,19049,19049,7.22
Davis,IA,19051,19051,13.68
Decatur,IA,19053,19053,12.25
Delaware,IA,19055,19055,20.71
Des Moines,IA,19057,19057,21.93
Dickinson,IA,19059,19059,16.19
Dubuque,IA,19061,19061,16.59
Emmet,IA,19063,19063,18.77
Fayette,IA,19065,19065,14.2
Floyd,IA,19067,19067,20.1
Franklin,IA,19069,19069,16.9
Fremont,IA,19071,19071,13.46
Greene,IA,19073,19073,13.24
Grundy,IA,19075,19075,13.41
Guthrie,IA,19077,19077,10.57
Hamilton,IA,19079,19079,15.68
Hancock,IA,19081,19081,20.72
Hardin,IA,19083,19083,13.86
Harrison,IA,19085,19085,9.89
Henry,IA,19087,19087,20.97
Howard,IA,19089,19089,23.48
Humboldt,IA,19091,19091,18.77
Ida,IA,19093,19093,25.09
Iowa,IA,19095,19095,17.73
Jackson,IA,19097,19097,17.03
Jasper,IA,19099,19099,18.16
Jefferson,IA,19101,19101,16.15
Johnson,IA,19103,19103,8.54
Jones,IA,19105,19105,17.11
Keokuk,IA,19107,19107,14.77
Kossuth,IA,19109,19109,17.39
Lee,IA,19111,19111,21.25
Linn,IA,19113,19113,16.4
Louisa,IA,19115,19115,30.26
Lucas,IA,19117,19117,8.9
Lyon,IA,19119,19119,13.96
Madison,IA,19121,19121,7.55
Mahaska,IA,19123,19123,27.08
Marion,IA,19125,19125,24.06
Marshall,IA,19127,19127,26.68
Mills,IA,19129,19129,8.68
Mitchell,IA,19131,19131,17.64
Monona,IA,19133,19133,8.9
Monroe,IA,19135,19135,18.52
Montgomery,IA,19137,19137,16.64
Muscatine,IA,19139,19139,32.15
O'Brien,IA,19141,19141,18.37
Osceola,IA,19143,19143,17.21
Page,IA,19145,19145,19.81
Palo Alto,IA,19147,19147,13.97
Plymouth,IA,19149,19149,18.76
Pocahontas,IA,19151,19151,17.25
Polk,IA,19153,19153,8.79
Pottawattamie,IA,19155,19155,9.92
Poweshiek,IA,19157,19157,16.16
Ringgold,IA,19159,19159,12.53
Sac,IA,19161,19161,14.45
Scott,IA,19163,19163,16.54
Shelby,IA,19165,19165,9.75
Sioux,IA,19167,19167,17.52
Story,IA,19169,19169,9.24
Tama,IA,19171,19171,20.26
Taylor,IA,19173,19173,23.51
Union,IA,19175,19175,25.48
Van Buren,IA,19177,19177,22.52
Wapello,IA,19179,19179,22.76
Warren,IA,19181,19181,7.15
Washington,IA,19183,19183,11.77
Wayne,IA,19185,19185,14.93
Webster,IA,19187,19187,13.22
Winnebago,IA,19189,19189,27.9
Winneshiek,IA,19191,19191,14.66
Woodbury,IA,19193,19193,17.48
Worth,IA,19195,19195,18.26
Wright,IA,19197,19197,19.28
Allen,KS,20001,20001,21.18
Anderson,KS,20003,20003,7.9
Atchison,KS,20005,20005,13.96
Barber,KS,20007,20007,7.62
Barton,KS,20009,20009,10.03
Bourbon,KS,20011,20011,14.69
Brown,KS,20013,20013,14.1
Butler,KS,20015,20015,15.22
Chase,KS,20017,20017,19.53
Chautauqua,KS,20019,20019,7.4
Cherokee,KS,20021,20021,19.17
Cheyenne,KS,20023,20023,4.49
Clark,KS,20025,20025,11.23
Clay,KS,20027,20027,8.5
Cloud,KS,20029,20029,8.5
Coffey,KS,20031,20031,7.05
Comanche,KS,20033,20033,3.57
Cowley,KS,20035,20035,20.87
Crawford,KS,20037,20037,14.19
Decatur,KS,20039,20039,5.34
Dickinson,KS,20041,20041,12.42
Doniphan,KS,20043,20043,15.31
Douglas,KS,20045,20045,8.07
Edwards,KS,20047,20047,14.62
Elk,KS,20049,20049,7.34
Ellis,KS,20051,20051,6.61
Ellsworth,KS,20053,20053,8.71
Finney,KS,20055,20055,18.8
Ford,KS,20057,20057,28.62
Franklin,KS,20059,20059,10.32
Geary,KS,20061,20061,9.85
Gove,KS,20063,20063,8.15
Graham,KS,20065,20065,6.27
Grant,KS,20067,20067,5.03
Gray,KS,20069,20069,4.18
Greeley,KS,20071,20071,2.74
Greenwood,KS,20073,20073,11.23
Hamilton,KS,20075,20075,7.88
Harper,KS,20077,20077,13.45
Harvey,KS,20079,20079,18.26
Haskell,KS,20081,20081,5.06
Hodgeman,KS,20083,20083,5.66
Jackson,KS,20085,20085,8.52
Jefferson,KS,20087,20087,11.32
Jewell,KS,20089,20089,5.9
Johnson,KS,20091,20091,7.82
Kearny,KS,20093,20093,7.41
Kingman,KS,20095,20095,16.02
Kiowa,KS,20097,20097,1.4
Labette,KS,20099,20099,21.07
Lane,KS,20101,20101,0.46
Leavenworth,KS,20103,20103,7.98
Lincoln,KS,20105,20105,8.61
Linn,KS,20107,20107,8.46
Logan,KS,20109,20109,2.81
Lyon,KS,20111,20111,18.25
McPherson,KS,20113,20113,23.04
Marion,KS,20115,20115,19.86
Marshall,KS,20117,20117,20.31
Meade,KS,20119,20119,4.23
Miami,KS,20121,20121,8.93
Mitchell,KS,20123,20123,7.81
Montgomery,KS,20125,20125,21.44
Morris,KS,20127,20127,10.85
Morton,KS,20129,20129,1.48
Nemaha,KS,20131,20131,18.75
Neosho,KS,20133,20133,15.75
Ness,KS,20135,20135,4.75
Norton,KS,20137,20137,11.11
Osage,KS,20139,20139,7.98
Osborne,KS,20141,20141,12.45
Ottawa,KS,20143,20143,13.94
Pawnee,KS,20145,20145,3.6
Phillips,KS,20147,20147,8.89
Pottawatomie,KS,20149,20149,10.48
Pratt,KS,20151,20151,4.52
Rawlins,KS,20153,20153,7.25
Reno,KS,20155,20155,13.58
Republic,KS,20157,20157,10.91
Rice,KS,20159,20159,12.15
Riley,KS,20161,20161,4.75
Rooks,KS,20163,20163,7.55
Rush,KS,20165,20165,7.59
Russell,KS,20167,20167,15.18
Saline,KS,20169,20169,17.13
Scott,KS,20171,20171,4.12
Sedgwick,KS,20173,20173,17.92
Seward,KS,20175,20175,24.27
Shawnee,KS,20177,20177,10.68
Sheridan,KS,20179,20179,0.76
Sherman,KS,20181,20181,6.72
Smith,KS,20183,20183,7.79
Stafford,KS,20185,20185,5.26
Stanton,KS,20187,20187,2.94
Stevens,KS,20189,20189,13.92
Sumner,KS,20191,20191,17.55
Thomas,KS,20193,20193,2.95
Trego,KS,20195,20195,10.23
Wabaunsee,KS,20197,20197,9.8
Wallace,KS,20199,20199,1.42
Washington,KS,20201,20201,10.92
Wichita,KS,20203,20203,17.78
Wilson,KS,20205,20205,17.71
Woodson,KS,20207,20207,10.3
Wyandotte,KS,20209,20209,12.64
Adair,KY,21001,21001,16.1
Allen,KY,21003,21003,21.08
Anderson,KY,21005,21005,17.68
Ballard,KY,21007,21007,12.44
Barren,KY,21009,21009,23.82
Bath,KY,21011,21011,23.94
Bell,KY,21013,21013,13.61
Boone,KY,21015,21015,14.45
Bourbon,KY,21017,21017,14.53
Boyd,KY,21019,21019,10.75
Boyle,KY,21021,21021,19.62
Bracken,KY,21023,21023,17.16
Breathitt,KY,21025,21025,5.27
Breckinridge,KY,21027,21027,23.7
Bullitt,KY,21029,21029,16.64
Butler,KY,21031,21031,22.44
Caldwell,KY,21033,21033,21.61
Calloway,KY,21035,21035,11.16
Campbell,KY,21037,21037,10.56
Carlisle,KY,21039,21039,14.37
Carroll,KY,21041,21041,26.13
Carter,KY,21043,21043,9.24
Casey,KY,21045,21045,20.62
Christian,KY,21047,21047,19.47
Clark,KY,21049,21049,17.78
Clay,KY,21051,21051,10.02
Clinton,KY,21053,21053,22.12
Crittenden,KY,21055,21055,17.39
Cumberland,KY,21057,21057,26.75
Daviess,KY,21059,21059,16.36
Edmonson,KY,21061,21061,16.21
Elliott,KY,21063,21063,10.81
Estill,KY,21065,21065,27.05
Fayette,KY,21067,21067,9.24
Fleming,KY,21069,21069,18.17
Floyd,KY,21071,21071,5.97
Franklin,KY,21073,21073,10.81
Fulton,KY,21075,21075,17.31
Gallatin,KY,21077,21077,22.06
Garrard,KY,21079,21079,13.77
Grant,KY,21081,21081,21.96
Graves,KY,21083,21083,15.96
Grayson,KY,21085,21085,23.51
Green,KY,21087,21087,18.26
Greenup,KY,21089,21089,10.65
Hancock,KY,21091,21091,38
Hardin,KY,21093,21093,13.81
Harlan,KY,21095,21095,5.24
Harrison,KY,21097,21097,28.12
Hart,KY,21099,21099,25.95
Henderson,KY,21101,21101,21.18
Henry,KY,21103,21103,14.77
Hickman,KY,21105,21105,10.51
Hopkins,KY,21107,21107,14.51
Jackson,KY,21109,21109,16.47
Jefferson,KY,21111,21111,11.73
Jessamine,KY,21113,21113,10.08
Johnson,KY,21115,21115,4.13
Kenton,KY,21117,21117,11.38
Knott,KY,21119,21119,2.8
Knox,KY,21121,21121,11.12
Larue,KY,21123,21123,25.35
Laurel,KY,21125,21125,12.1
Lawrence,KY,21127,21127,11.42
Lee,KY,21129,21129,9.54
Leslie,KY,21131,21131,6.97
Letcher,KY,21133,21133,4.75
Lewis,KY,21135,21135,20.85
Lincoln,KY,21137,21137,13.11
Livingston,KY,21139,21139,9.34
Logan,KY,21141,21141,26.87
Lyon,KY,21143,21143,17.14
McCracken,KY,21145,21145,9.4
McCreary,KY,21147,21147,14.82
McLean,KY,21149,21149,19.09
Madison,KY,21151,21151,13.16
Magoffin,KY,21153,21153,12.72
Marion,KY,21155,21155,32.77
Marshall,KY,21157,21157,17.83
Martin,KY,21159,21159,3.11
Mason,KY,21161,21161,15.93
Meade,KY,21163,21163,12.74
Menifee,KY,21165,21165,24.58
Mercer,KY,21167,21167,22.69
Metcalfe,KY,21169,21169,25.47
Monroe,KY,21171,21171,20.6
Montgomery,KY,21173,21173,23.6
Morgan,KY,21175,21175,11.79
Muhlenberg,KY,21177,21177,16.23
Nelson,KY,21179,21179,25.75
Nicholas,KY,21181,21181,18.19
Ohio,KY,21183,21183,21.77
Oldham,KY,21185,21185,11.86
Owen,KY,21187,21187,24.84
Owsley,KY,21189,21189,6.5
Pendleton,KY,21191,21191,16.41
Perry,KY,21193,21193,3.06
Pike,KY,21195,21195,7.41
Powell,KY,21197,21197,20.06
Pulaski,KY,21199,21199,13.62
Robertson,KY,21201,21201,20.1
Rockcastle,KY,21203,21203,21.06
Rowan,KY,21205,21205,11.77
Russell,KY,21207,21207,21.39
Scott,KY,21209,21209,25.83
Shelby,KY,21211,21211,18.8
Simpson,KY,21213,21213,25.34
Spencer,KY,21215,21215,17.29
Taylor,KY,21217,21217,18.02
Todd,KY,21219,21219,20.46
Trigg,KY,21221,21221,15.34
Trimble,KY,21223,21223,20.98
Union,KY,21225,21225,19.2
Warren,KY,21227,21227,16.47
Washington,KY,21229,21229,26.63
Wayne,KY,21231,21231,24.74
Webster,KY,21233,21233,26.1
Whitley,KY,21235,21235,14.06
Wolfe,KY,21237,21237,12.97
Woodford,KY,21239,21239,11.77
Acadia,LA,22001,22001,9.49
Allen,LA,22003,22003,10.02
Ascension,LA,22005,22005,15.45
Assumption,LA,22007,22007,16.1
Avoyelles,LA,22009,22009,6.54
Beauregard,LA,22011,22011,12.47
Bienville,LA,22013,22013,13.77
Bossier,LA,22015,22015,6.58
Caddo,LA,22017,22017,5.83
Calcasieu,LA,22019,22019,10.48
Caldwell,LA,22021,22021,2.47
Cameron,LA,22023,22023,15.15
Catahoula,LA,22025,22025,3.28
Claiborne,LA,22027,22027,13.63
Concordia,LA,22029,22029,4.17
De Soto,LA,22031,22031,10.39
East Baton Rouge,LA,22033,22033,7.72
East Carroll,LA,22035,22035,3.61
East Feliciana,LA,22037,22037,9.8
Evangeline,LA,22039,22039,8.31
Franklin,LA,22041,22041,4.18
Grant,LA,22043,22043,11.84
Iberia,LA,22045,22045,10.63
Iberville,LA,22047,22047,13.06
Jackson,LA,22049,22049,12.3
Jefferson,LA,22051,22051,5.19
Jefferson Davis,LA,22053,22053,8.31
Lafayette,LA,22055,22055,4.99
Lafourche,LA,22057,22057,9.91
La Salle,LA,22059,22059,3.32
Lincoln,LA,22061,22061,7.62
Livingston,LA,22063,22063,11.61
Madison,LA,22065,22065,5.92
Morehouse,LA,22067,22067,10.71
Natchitoches,LA,22069,22069,19.44
Orleans,LA,22071,22071,3.7
Ouachita,LA,22073,22073,6.54
Plaquemines,LA,22075,22075,7.3
Pointe Coupee,LA,22077,22077,11.47
Rapides,LA,22079,22079,6.06
Red River,LA,22081,22081,14.63
Richland,LA,22083,22083,7.18
Sabine,LA,22085,22085,9.9
St. Bernard,LA,22087,22087,7.23
St. Charles,LA,22089,22089,13.27
St. Helena,LA,22091,22091,7.35
St. James,LA,22093,22093,20.38
St. John the Baptist,LA,22095,22095,11.97
St. Landry,LA,22097,22097,6.27
St. Martin,LA,22099,22099,9.5
St. Mary,LA,22101,22101,13.21
St. Tammany,LA,22103,22103,5.79
Tangipahoa,LA,22105,22105,7.35
Tensas,LA,22107,22107,2.85
Terrebonne,LA,22109,22109,7.35
Union,LA,22111,22111,11.89
Vermilion,LA,22113,22113,6.58
Vernon,LA,22115,22115,5.39
Washington,LA,22117,22117,7.45
Webster,LA,22119,22119,7.94
West Baton Rouge,LA,22121,22121,12.93
West Carroll,LA,22123,22123,7.14
West Feliciana,LA,22125,22125,6.32
Winn,LA,22127,22127,12.9
Androscoggin,ME,23001,23001,10.84
Aroostook,ME,23003,23003,10.31
Cumberland,ME,23005,23005,6.9
Franklin,ME,23007,23007,9.98
Hancock,ME,23009,23009,4.89
Kennebec,ME,23011,23011,7.58
Knox,ME,23013,23013,7.16
Lincoln,ME,23015,23015,10
Oxford,ME,23017,23017,11.72
Penobscot,ME,23019,23019,4.93
Piscataquis,ME,23021,23021,16.77
Sagadahoc,ME,23023,23023,12.21
Somerset,ME,23025,23025,11.95
Waldo,ME,23027,23027,7.7
Washington,ME,23029,23029,8.19
York,ME,23031,23031,12.32
Allegany,MD,24001,24001,8.81
Anne Arundel,MD,24003,24003,4.91
Baltimore,MD,24005,24005,5.26
Calvert,MD,24009,24009,3.98
Caroline,MD,24011,24011,7.26
Carroll,MD,24013,24013,6.05
Cecil,MD,24015,24015,8.8
Charles,MD,24017,24017,3.14
Dorchester,MD,24019,24019,10.61
Frederick,MD,24021,24021,5.56
Garrett,MD,24023,24023,6.66
Harford,MD,24025,24025,6.59
Howard,MD,24027,24027,4.55
Kent,MD,24029,24029,9.65
Montgomery,MD,24031,24031,2.84
Prince George's,MD,24033,24033,1.93
Queen Anne's,MD,24035,24035,7.83
St. Mary's,MD,24037,24037,4.42
Somerset,MD,24039,24039,5.12
Talbot,MD,24041,24041,5.12
Washington,MD,24043,24043,7.96
Wicomico,MD,24045,24045,8.45
Worcester,MD,24047,24047,4.28
Baltimore City,MD,24510,24510,4.55
Barnstable,MA,25001,25001,3.88
Berkshire,MA,25003,25003,7.84
Bristol,MA,25005,25005,11.03
Dukes,MA,25007,25007,2.99
Essex,MA,25009,25009,10.4
Franklin,MA,25011,25011,10.24
Hampden,MA,25013,25013,11.49
Hampshire,MA,25015,25015,6.95
Middlesex,MA,25017,25017,9.81
Nantucket,MA,25019,25019,2.62
Norfolk,MA,25021,25021,6.32
Plymouth,MA,25023,25023,6.66
Suffolk,MA,25025,25025,4.51
Worcester,MA,25027,25027,12.12
Alcona,MI,26001,26001,16.3
Alger,MI,26003,26003,14.88
Allegan,MI,26005,26005,27.02
Alpena,MI,26007,26007,13.08
Antrim,MI,26009,26009,16.09
Arenac,MI,26011,26011,17.24
Baraga,MI,26013,26013,10.35
Barry,MI,26015,26015,24.03
Bay,MI,26017,26017,16.24
Benzie,MI,26019,26019,11.25
Berrien,MI,26021,26021,19.83
Branch,MI,26023,26023,26.04
Calhoun,MI,26025,26025,22.47
Cass,MI,26027,26027,28.53
Charlevoix,MI,26029,26029,20.03
Cheboygan,MI,26031,26031,8.81
Chippewa,MI,26033,26033,6.5
Clare,MI,26035,26035,14.93
Clinton,MI,26037,26037,11.2
Crawford,MI,26039,26039,10.56
Delta,MI,26041,26041,14.52
Dickinson,MI,26043,26043,17.83
Eaton,MI,26045,26045,16.35
Emmet,MI,26047,26047,8.1
Genesee,MI,26049,26049,17.27
Gladwin,MI,26051,26051,19.04
Gogebic,MI,26053,26053,14.57
Grand Traverse,MI,26055,26055,10.84
Gratiot,MI,26057,26057,15.74
Hillsdale,MI,26059,26059,25.07
Houghton,MI,26061,26061,7.67
Huron,MI,26063,26063,20.54
Ingham,MI,26065,26065,9.47
Ionia,MI,26067,26067,20.99
Iosco,MI,26069,26069,17.94
Iron,MI,26071,26071,12.52
Isabella,MI,26073,26073,10.11
Jackson,MI,26075,26075,19.88
Kalamazoo,MI,26077,26077,17.14
Kalkaska,MI,26079,26079,12.02
Kent,MI,26081,26081,18.95
Keweenaw,MI,26083,26083,6.08
Lake,MI,26085,26085,16.05
Lapeer,MI,26087,26087,24.42
Leelanau,MI,26089,26089,9.66
Lenawee,MI,26091,26091,21.68
Livingston,MI,26093,26093,17.64
Luce,MI,26095,26095,9.64
Mackinac,MI,26097,26097,5.8
Macomb,MI,26099,26099,21.28
Manistee,MI,26101,26101,12.44
Marquette,MI,26103,26103,6.47
Mason,MI,26105,26105,16.13
Mecosta,MI,26107,26107,15.53
Menominee,MI,26109,26109,30.9
Midland,MI,26111,26111,21.54
Missaukee,MI,26113,26113,19.84
Monroe,MI,26115,26115,21.49
Montcalm,MI,26117,26117,20.81
Montmorency,MI,26119,26119,14.15
Muskegon,MI,26121,26121,26.54
Newaygo,MI,26123,26123,21.43
Oakland,MI,26125,26125,19.45
Oceana,MI,26127,26127,23.53
Ogemaw,MI,26129,26129,12.16
Ontonagon,MI,26131,26131,5.8
Osceola,MI,26133,26133,24.21
Oscoda,MI,26135,26135,21.71
Otsego,MI,26137,26137,9.33
Ottawa,MI,26139,26139,24.22
Presque Isle,MI,26141,26141,10.58
Roscommon,MI,26143,26143,10.32
Saginaw,MI,26145,26145,16.24
St. Clair,MI,26147,26147,22.89
St. Joseph,MI,26149,26149,39.42
Sanilac,MI,26151,26151,23.26
Schoolcraft,MI,26153,26153,8.44
Shiawassee,MI,26155,26155,18.04
Tuscola,MI,26157,26157,18.55
Van Buren,MI,26159,26159,19.1
Washtenaw,MI,26161,26161,11.97
Wayne,MI,26163,26163,17.94
Wexford,MI,26165,26165,22.36
Aitkin,MN,27001,27001,10.03
Anoka,MN,27003,27003,16.55
Becker,MN,27005,27005,13.6
Beltrami,MN,27007,27007,6.43
Benton,MN,27009,27009,14.06
Big Stone,MN,27011,27011,9.05
Blue Earth,MN,27013,27013,13.52
Brown,MN,27015,27015,19.2
Carlton,MN,27017,27017,9.97
Carver,MN,27019,27019,15.36
Cass,MN,27021,27021,9.26
Chippewa,MN,27023,27023,18.3
Chisago,MN,27025,27025,16.17
Clay,MN,27027,27027,7.79
Clearwater,MN,27029,27029,11.96
Cook,MN,27031,27031,2.01
Cottonwood,MN,27033,27033,21.2
Crow Wing,MN,27035,27035,9.72
Dakota,MN,27037,27037,11
Dodge,MN,27039,27039,13.53
Douglas,MN,27041,27041,18.46
Faribault,MN,27043,27043,18.63
Fillmore,MN,27045,27045,12.49
Freeborn,MN,27047,27047,21.48
Goodhue,MN,27049,27049,16.45
Grant,MN,27051,27051,10.71
Hennepin,MN,27053,27053,11.76
Houston,MN,27055,27055,12.65
Hubbard,MN,27057,27057,10.68
Isanti,MN,27059,27059,16.33
Itasca,MN,27061,27061,9.39
Jackson,MN,27063,27063,21.48
Kanabec,MN,27065,27065,13.49
Kandiyohi,MN,27067,27067,13.64
Kittson,MN,27069,27069,14.87
Koochiching,MN,27071,27071,15.57
Lac qui Parle,MN,27073,27073,11.5
Lake,MN,27075,27075,11.97
Lake of the Woods,MN,27077,27077,25.53
Le Sueur,MN,27079,27079,19.85
Lincoln,MN,27081,27081,10.45
Lyon,MN,27083,27083,13.05
McLeod,MN,27085,27085,26.17
Mahnomen,MN,27087,27087,5.65
Marshall,MN,27089,27089,15.21
Martin,MN,27091,27091,15.19
Meeker,MN,27093,27093,22.29
Mille Lacs,MN,27095,27095,17.48
Morrison,MN,27097,27097,15.1
Mower,MN,27099,27099,22.85
Murray,MN,27101,27101,11.99
Nicollet,MN,27103,27103,15.06
Nobles,MN,27105,27105,27.17
Norman,MN,27107,27107,7.65
Olmsted,MN,27109,27109,7.64
Otter Tail,MN,27111,27111,14.82
Pennington,MN,27113,27113,20.27
Pine,MN,27115,27115,9.59
Pipestone,MN,27117,27117,10.58
Polk,MN,27119,27119,10.77
Pope,MN,27121,27121,17.47
Ramsey,MN,27123,27123,11.8
Red Lake,MN,27125,27125,15.56
Redwood,MN,27127,27127,13.11
Renville,MN,27129,27129,16.65
Rice,MN,27131,27131,15.44
Rock,MN,27133,27133,10.52
Roseau,MN,27135,27135,34.91
St. Louis,MN,27137,27137,7.29
Scott,MN,27139,27139,15.12
Sherburne,MN,27141,27141,16.04
Sibley,MN,27143,27143,23.31
Stearns,MN,27145,27145,13.73
Steele,MN,27147,27147,24.02
Stevens,MN,27149,27149,12.58
Swift,MN,27151,27151,14.77
Todd,MN,27153,27153,20.85
Traverse,MN,27155,27155,4.79
Wabasha,MN,27157,27157,15.81
Wadena,MN,27159,27159,16.76
Waseca,MN,27161,27161,21.35
Washington,MN,27163,27163,14.54
Watonwan,MN,27165,27165,19.69
Wilkin,MN,27167,27167,12.99
Winona,MN,27169,27169,20.6
Wright,MN,27171,27171,16.69
Yellow Medicine,MN,27173,27173,11.03
Adams,MS,28001,28001,6.44
Alcorn,MS,28003,28003,25.74
Amite,MS,28005,28005,16.34
Attala,MS,28007,28007,16.7
Benton,MS,28009,28009,23.82
Bolivar,MS,28011,28011,11.43
Calhoun,MS,28013,28013,30.32
Carroll,MS,28015,28015,13.88
Chickasaw,MS,28017,28017,35.25
Choctaw,MS,28019,28019,13.99
Claiborne,MS,28021,28021,11.14
Clarke,MS,28023,28023,10.32
Clay,MS,28025,28025,27.97
Coahoma,MS,28027,28027,8.95
Copiah,MS,28029,28029,13.45
Covington,MS,28031,28031,15.72
DeSoto,MS,28033,28033,10.49
Forrest,MS,28035,28035,8.03
Franklin,MS,28037,28037,10.08
George,MS,28039,28039,14.17
Greene,MS,28041,28041,7.43
Grenada,MS,28043,28043,19.59
Hancock,MS,28045,28045,10.84
Harrison,MS,28047,28047,7.29
Hinds,MS,28049,28049,7.73
Holmes,MS,28051,28051,23.79
Humphreys,MS,28053,28053,13.37
Issaquena,MS,28055,28055,17.78
Itawamba,MS,28057,28057,27.57
Jackson,MS,28059,28059,16.08
Jasper,MS,28061,28061,24.97
Jefferson,MS,28063,28063,8.84
Jefferson Davis,MS,28065,28065,12.5
Jones,MS,28067,28067,16.25
Kemper,MS,28069,28069,22.02
Lafayette,MS,28071,28071,6.3
Lamar,MS,28073,28073,9.11
Lauderdale,MS,28075,28075,9.17
Lawrence,MS,28077,28077,15.96
Leake,MS,28079,28079,20.43
Lee,MS,28081,28081,21.6
Leflore,MS,28083,28083,16.66
Lincoln,MS,28085,28085,7.65
Lowndes,MS,28087,28087,15.46
Madison,MS,28089,28089,11.78
Marion,MS,28091,28091,6.05
Marshall,MS,28093,28093,21.15
Monroe,MS,28095,28095,30.82
Montgomery,MS,28097,28097,19.42
Neshoba,MS,28099,28099,9.6
Newton,MS,28101,28101,18.45
Noxubee,MS,28103,28103,23
Oktibbeha,MS,28105,28105,7.01
Panola,MS,28107,28107,16.92
Pearl River,MS,28109,28109,7.67
Perry,MS,28111,28111,15.78
Pike,MS,28113,28113,13.21
Pontotoc,MS,28115,28115,28.56
Prentiss,MS,28117,28117,26.57
Quitman,MS,28119,28119,11.37
Rankin,MS,28121,28121,8.43
Scott,MS,28123,28123,29.43
Sharkey,MS,28125,28125,10.62
Simpson,MS,28127,28127,10.58
Smith,MS,28129,28129,22.25
Stone,MS,28131,28131,10.32
Sunflower,MS,28133,28133,10.2
Tallahatchie,MS,28135,28135,13.25
Tate,MS,28137,28137,11.75
Tippah,MS,28139,28139,24.5
Tishomingo,MS,28141,28141,28.4
Tunica,MS,28143,28143,5.3
Union,MS,28145,28145,26.34
Walthall,MS,28147,28147,11.23
Warren,MS,28149,28149,11.34
Washington,MS,28151,28151,9.7
Wayne,MS,28153,28153,19.12
Webster,MS,28155,28155,14.38
Wilkinson,MS,28157,28157,8.59
Winston,MS,28159,28159,17.22
Yalobusha,MS,28161,28161,24.63
Yazoo,MS,28163,28163,19.21
Adair,MO,29001,29001,8.44
Andrew,MO,29003,29003,17.48
Atchison,MO,29005,29005,11.06
Audrain,MO,29007,29007,18.74
Barry,MO,29009,29009,22.41
Barton,MO,29011,29011,16.83
Bates,MO,29013,29013,11.31
Benton,MO,29015,29015,14.07
Bollinger,MO,29017,29017,13.81
Boone,MO,29019,29019,5.68
Buchanan,MO,29021,29021,18.87
Butler,MO,29023,29023,14.05
Caldwell,MO,29025,29025,14.74
Callaway,MO,29027,29027,8.71
Camden,MO,29029,29029,7.17
Cape Girardeau,MO,29031,29031,10.59
Carroll,MO,29033,29033,10.82
Carter,MO,29035,29035,14.9
Cass,MO,29037,29037,10.29
Cedar,MO,29039,29039,11.87
Chariton,MO,29041,29041,11.91
Christian,MO,29043,29043,7.45
Clark,MO,29045,29045,22.67
Clay,MO,29047,29047,10.89
Clinton,MO,29049,29049,13.44
Cole,MO,29051,29051,8.64
Cooper,MO,29053,29053,6.63
Crawford,MO,29055,29055,18.82
Dade,MO,29057,29057,15.83
Dallas,MO,29059,29059,13.46
Daviess,MO,29061,29061,13.59
DeKalb,MO,29063,29063,17
Dent,MO,29065,29065,11.95
Douglas,MO,29067,29067,17.68
Dunklin,MO,29069,29069,14.4
Franklin,MO,29071,29071,19.74
Gasconade,MO,29073,29073,21.21
Gentry,MO,29075,29075,15.76
Greene,MO,29077,29077,8.75
Grundy,MO,29079,29079,15.41
Harrison,MO,29081,29081,9.24
Henry,MO,29083,29083,11.99
Hickory,MO,29085,29085,4.93
Holt,MO,29087,29087,12.49
Howard,MO,29089,29089,10.03
Howell,MO,29091,29091,12.38
Iron,MO,29093,29093,10.09
Jackson,MO,29095,29095,8.95
Jasper,MO,29097,29097,18.04
Jefferson,MO,29099,29099,11.69
Johnson,MO,29101,29101,10.76
Knox,MO,29103,29103,9.72
Laclede,MO,29105,29105,26.11
Lafayette,MO,29107,29107,11.87
Lawrence,MO,29109,29109,20.65
Lewis,MO,29111,29111,15.9
Lincoln,MO,29113,29113,17.05
Linn,MO,29115,29115,15.81
Livingston,MO,29117,29117,10.77
McDonald,MO,29119,29119,22.94
Macon,MO,29121,29121,16.98
Madison,MO,29123,29123,14.35
Maries,MO,29125,29125,12.61
Marion,MO,29127,29127,14.18
Mercer,MO,29129,29129,14.08
Miller,MO,29131,29131,8.76
Mississippi,MO,29133,29133,11.19
Moniteau,MO,29135,29135,11.61
Monroe,MO,29137,29137,19.99
Montgomery,MO,29139,29139,16.75
Morgan,MO,29141,29141,16.68
New Madrid,MO,29143,29143,17.6
Newton,MO,29145,29145,16.99
Nodaway,MO,29147,29147,14.42
Oregon,MO,29149,29149,14.28
Osage,MO,29151,29151,19.14
Ozark,MO,29153,29153,21.59
Pemiscot,MO,29155,29155,21.69
Perry,MO,29157,29157,24.81
Pettis,MO,29159,29159,21
Phelps,MO,29161,29161,9.31
Pike,MO,29163,29163,12.21
Platte,MO,29165,29165,8.53
Polk,MO,29167,29167,12.53
Pulaski,MO,29169,29169,9.3
Putnam,MO,29171,29171,15.15
Ralls,MO,29173,29173,17.55
Randolph,MO,29175,29175,11.16
Ray,MO,29177,29177,18.58
Reynolds,MO,29179,29179,17.53
Ripley,MO,29181,29181,17.43
St. Charles,MO,29183,29183,12.5
St. Clair,MO,29185,29185,10.99
Ste. Genevieve,MO,29186,29186,15.22
St. Francois,MO,29187,29187,11.45
St. Louis,MO,29189,29189,9.94
Saline,MO,29195,29195,16.13
Schuyler,MO,29197,29197,17.5
Scotland,MO,29199,29199,14.78
Scott,MO,29201,29201,13.19
Shannon,MO,29203,29203,19.27
Shelby,MO,29205,29205,15.97
Stoddard,MO,29207,29207,14.06
Stone,MO,29209,29209,6.72
Sullivan,MO,29211,29211,23.45
Taney,MO,29213,29213,4.04
Texas,MO,29215,29215,9.69
Vernon,MO,29217,29217,12.53
Warren,MO,29219,29219,16.78
Washington,MO,29221,29221,14.15
Wayne,MO,29223,29223,19.69
Webster,MO,29225,29225,12.03
Worth,MO,29227,29227,10.58
Wright,MO,29229,29229,16.01
St. Louis City,MO,29510,29510,8.35
Beaverhead,MT,30001,30001,4.78
Big Horn,MT,30003,30003,0.65
Blaine,MT,30005,30005,0.08
Broadwater,MT,30007,30007,8.94
Carbon,MT,30009,30009,4.74
Carter,MT,30011,30011,1.56
Cascade,MT,30013,30013,3.91
Chouteau,MT,30015,30015,2.88
Custer,MT,30017,30017,2.63
Daniels,MT,30019,30019,0.8
Dawson,MT,30021,30021,2.72
Deer Lodge,MT,30023,30023,4.53
Fallon,MT,30025,30025,2.92
Fergus,MT,30027,30027,3.6
Flathead,MT,30029,30029,5.93
Gallatin,MT,30031,30031,6.4
Garfield,MT,30033,30033,2.55
Glacier,MT,30035,30035,0.82
Golden Valley,MT,30037,30037,3.01
Granite,MT,30039,30039,4.64
Hill,MT,30041,30041,1.71
Jefferson,MT,30043,30043,4.74
Judith Basin,MT,30045,30045,0.55
Lake,MT,30047,30047,6.11
Lewis and Clark,MT,30049,30049,4.09
Liberty,MT,30051,30051,0.43
Lincoln,MT,30053,30053,5.85
McCone,MT,30055,30055,2.57
Madison,MT,30057,30057,2.98
Meagher,MT,30059,30059,1.58
Mineral,MT,30061,30061,7.09
Missoula,MT,30063,30063,4.06
Musselshell,MT,30065,30065,2.39
Park,MT,30067,30067,6.95
Petroleum,MT,30069,30069,0.9
Phillips,MT,30071,30071,0.28
Pondera,MT,30073,30073,2.54
Powder River,MT,30075,30075,0.8
Powell,MT,30077,30077,8.07
Prairie,MT,30079,30079,3.16
Ravalli,MT,30081,30081,7.81
Richland,MT,30083,30083,4.39
Roosevelt,MT,30085,30085,0.85
Rosebud,MT,30087,30087,0.94
Sanders,MT,30089,30089,5.98
Sheridan,MT,30091,30091,2.3
Silver Bow,MT,30093,30093,5.82
Stillwater,MT,30095,30095,8.99
Sweet Grass,MT,30097,30097,5.22
Teton,MT,30099,30099,3.11
Toole,MT,30101,30101,0.23
Treasure,MT,30103,30103,0
Valley,MT,30105,30105,0.61
Wheatland,MT,30107,30107,3.28
Wibaux,MT,30109,30109,0.54
Yellowstone,MT,30111,30111,4.96
Adams,NE,31001,31001,15.28
Antelope,NE,31003,31003,5.41
Arthur,NE,31005,31005,6.53
Banner,NE,31007,31007,4.28
Blaine,NE,31009,31009,5.49
Boone,NE,31011,31011,12.22
Box Butte,NE,31013,31013,8.48
Boyd,NE,31015,31015,3.45
Brown,NE,31017,31017,4.5
Buffalo,NE,31019,31019,10.98
Burt,NE,31021,31021,10.19
Butler,NE,31023,31023,20.39
Cass,NE,31025,31025,8.21
Cedar,NE,31027,31027,12.41
Chase,NE,31029,31029,3.21
Cherry,NE,31031,31031,5.19
Cheyenne,NE,31033,31033,7.09
Clay,NE,31035,31035,11.14
Colfax,NE,31037,31037,29.51
Cuming,NE,31039,31039,13.93
Custer,NE,31041,31041,6.85
Dakota,NE,31043,31043,30.53
Dawes,NE,31045,31045,2.42
Dawson,NE,31047,31047,24.73
Deuel,NE,31049,31049,5.22
Dixon,NE,31051,31051,19.33
Dodge,NE,31053,31053,16.12
Douglas,NE,31055,31055,8.02
Dundy,NE,31057,31057,2.49
Fillmore,NE,31059,31059,6.88
Franklin,NE,31061,31061,6.78
Frontier,NE,31063,31063,3.25
Furnas,NE,31065,31065,8.82
Gage,NE,31067,31067,16.49
Garden,NE,31069,31069,2.85
Garfield,NE,31071,31071,9.03
Gosper,NE,31073,31073,12.27
Grant,NE,31075,31075,2.87
Greeley,NE,31077,31077,4.01
Hall,NE,31079,31079,19.35
Hamilton,NE,31081,31081,11.92
Harlan,NE,31083,31083,6.23
Hayes,NE,31085,31085,2.54
Hitchcock,NE,31087,31087,4.55
Holt,NE,31089,31089,4.96
Hooker,NE,31091,31091,2.09
Howard,NE,31093,31093,12.1
Jefferson,NE,31095,31095,13.53
Johnson,NE,31097,31097,13.69
Kearney,NE,31099,31099,13.4
Keith,NE,31101,31101,5.62
Keya Paha,NE,31103,31103,3.9
Kimball,NE,31105,31105,12.99
Knox,NE,31107,31107,6.04
Lancaster,NE,31109,31109,8.71
Lincoln,NE,31111,31111,3.62
Logan,NE,31113,31113,8.58
Loup,NE,31115,31115,4.1
McPherson,NE,31117,31117,0
Madison,NE,31119,31119,19.69
Merrick,NE,31121,31121,11.91
Morrill,NE,31123,31123,7.13
Nance,NE,31125,31125,7.2
Nemaha,NE,31127,31127,8.9
Nuckolls,NE,31129,31129,6.75
Otoe,NE,31131,31131,12.32
Pawnee,NE,31133,31133,14.5
Perkins,NE,31135,31135,4.09
Phelps,NE,31137,31137,13.44
Pierce,NE,31139,31139,13.32
Platte,NE,31141,31141,26.43
Polk,NE,31143,31143,12.69
Red Willow,NE,31145,31145,7.8
Richardson,NE,31147,31147,11.06
Rock,NE,31149,31149,1.59
Saline,NE,31151,31151,20.64
Sarpy,NE,31153,31153,6.25
Saunders,NE,31155,31155,10.71
Scotts Bluff,NE,31157,31157,7.88
Seward,NE,31159,31159,12.96
Sheridan,NE,31161,31161,7
Sherman,NE,31163,31163,11.54
Sioux,NE,31165,31165,3.82
Stanton,NE,31167,31167,11.24
Thayer,NE,31169,31169,12.93
Thomas,NE,31171,31171,0.82
Thurston,NE,31173,31173,9.44
Valley,NE,31175,31175,4.4
Washington,NE,31177,31177,11.87
Wayne,NE,31179,31179,9.88
Webster,NE,31181,31181,8.41
Wheeler,NE,31183,31183,2.25
York,NE,31185,31185,10.51
Churchill,NV,32001,32001,7.47
Clark,NV,32003,32003,3.57
Douglas,NV,32005,32005,9.05
Elko,NV,32007,32007,2.15
Esmeralda,NV,32009,32009,1.01
Eureka,NV,32011,32011,4.09
Humboldt,NV,32013,32013,4.22
Lander,NV,32015,32015,0.23
Lincoln,NV,32017,32017,0
Lyon,NV,32019,32019,12.45
Mineral,NV,32021,32021,6.13
Nye,NV,32023,32023,4.78
Pershing,NV,32027,32027,10.09
Storey,NV,32029,32029,5.62
Washoe,NV,32031,32031,7.51
White Pine,NV,32033,32033,1.38
Carson City,NV,32510,32510,11.28
Belknap,NH,33001,33001,9.67
Carroll,NH,33003,33003,9.6
Cheshire,NH,33005,33005,12.91
Coos,NH,33007,33007,9.01
Grafton,NH,33009,33009,9.83
Hillsborough,NH,33011,33011,13.99
Merrimack,NH,33013,33013,9.38
Rockingham,NH,33015,33015,13.42
Strafford,NH,33017,33017,14.23
Sullivan,NH,33019,33019,16.33
Atlantic,NJ,34001,34001,4.66
Bergen,NJ,34003,34003,7.87
Burlington,NJ,34005,34005,7.69
Camden,NJ,34007,34007,7.13
Cape May,NJ,34009,34009,2.91
Cumberland,NJ,34011,34011,12.66
Essex,NJ,34013,34013,6.57
Gloucester,NJ,34015,34015,7.32
Hudson,NJ,34017,34017,6.9
Hunterdon,NJ,34019,34019,11.44
Mercer,NJ,34021,34021,7.87
Middlesex,NJ,34023,34023,9.02
Monmouth,NJ,34025,34025,5.91
Morris,NJ,34027,34027,10.74
Ocean,NJ,34029,34029,5.2
Passaic,NJ,34031,34031,13.08
Salem,NJ,34033,34033,11.43
Somerset,NJ,34035,34035,12.02
Sussex,NJ,34037,34037,8.64
Union,NJ,34039,34039,8.87
Warren,NJ,34041,34041,10.56
Bernalillo,NM,35001,35001,4.11
Catron,NM,35003,35003,19.82
Chaves,NM,35005,35005,4.63
Cibola,NM,35006,35006,3.91
Colfax,NM,35007,35007,4.65
Curry,NM,35009,35009,8.25
De Baca,NM,35011,35011,3.03
Doa Ana,NM,35013,35013,4
Eddy,NM,35015,35015,4.72
Grant,NM,35017,35017,2.64
Guadalupe,NM,35019,35019,0.55
Harding,NM,35021,35021,2.91
Hidalgo,NM,35023,35023,3.67
Lea,NM,35025,35025,2.81
Lincoln,NM,35027,35027,2.22
Los Alamos,NM,35028,35028,1.15
Luna,NM,35029,35029,10.28
McKinley,NM,35031,35031,5.72
Mora,NM,35033,35033,1.04
Otero,NM,35035,35035,1.88
Quay,NM,35037,35037,4.25
Rio Arriba,NM,35039,35039,1.94
Roosevelt,NM,35041,35041,6.67
Sandoval,NM,35043,35043,5.04
San Juan,NM,35045,35045,3.57
San Miguel,NM,35047,35047,1.55
Santa Fe,NM,35049,35049,2.72
Sierra,NM,35051,35051,3.62
Socorro,NM,35053,35053,3.81
Taos,NM,35055,35055,2.04
Torrance,NM,35057,35057,2.85
Union,NM,35059,35059,6.42
Valencia,NM,35061,35061,4.27
Albany,NY,36001,36001,5.02
Allegany,NY,36003,36003,15.43
Bronx,NY,36005,36005,3.29
Broome,NY,36007,36007,10.07
Cattaraugus,NY,36009,36009,13.07
Cayuga,NY,36011,36011,13.26
Chautauqua,NY,36013,36013,17.79
Chemung,NY,36015,36015,14.53
Chenango,NY,36017,36017,17.43
Clinton,NY,36019,36019,11.88
Columbia,NY,36021,36021,6.51
Cortland,NY,36023,36023,10.12
Delaware,NY,36025,36025,12.71
Dutchess,NY,36027,36027,6.16
Erie,NY,36029,36029,9.98
Essex,NY,36031,36031,9.78
Franklin,NY,36033,36033,4.39
Fulton,NY,36035,36035,12.22
Genesee,NY,36037,36037,15.59
Greene,NY,36039,36039,9.17
Hamilton,NY,36041,36041,8.51
Herkimer,NY,36043,36043,12.21
Jefferson,NY,36045,36045,6.23
Kings,NY,36047,36047,3.16
Lewis,NY,36049,36049,10.56
Livingston,NY,36051,36051,11.69
Madison,NY,36053,36053,9.79
Monroe,NY,36055,36055,11.23
Montgomery,NY,36057,36057,15.07
Nassau,NY,36059,36059,4.38
New York,NY,36061,36061,2.95
Niagara,NY,36063,36063,13.8
Oneida,NY,36065,36065,9.32
Onondaga,NY,36067,36067,7.49
Ontario,NY,36069,36069,12.74
Orange,NY,36071,36071,6.97
Orleans,NY,36073,36073,16.15
Oswego,NY,36075,36075,12.68
Otsego,NY,36077,36077,7.5
Putnam,NY,36079,36079,3.92
Queens,NY,36081,36081,3.58
Rensselaer,NY,36083,36083,7.4
Richmond,NY,36085,36085,2.45
Rockland,NY,36087,36087,5.61
St. Lawrence,NY,36089,36089,6.36
Saratoga,NY,36091,36091,10.45
Schenectady,NY,36093,36093,6.99
Schoharie,NY,36095,36095,8.01
Schuyler,NY,36097,36097,13.06
Seneca,NY,36099,36099,14.25
Steuben,NY,36101,36101,19.03
Suffolk,NY,36103,36103,6.72
Sullivan,NY,36105,36105,4.91
Tioga,NY,36107,36107,14.44
Tompkins,NY,36109,36109,5.54
Ulster,NY,36111,36111,6.24
Warren,NY,36113,36113,7.34
Washington,NY,36115,36115,13.55
Wayne,NY,36117,36117,16.3
Westchester,NY,36119,36119,3.93
Wyoming,NY,36121,36121,13.37
Yates,NY,36123,36123,13.64
Alamance,NC,37001,37001,15.35
Alexander,NC,37003,37003,31.85
Alleghany,NC,37005,37005,12.19
Anson,NC,37007,37007,25.87
Ashe,NC,37009,37009,9.98
Avery,NC,37011,37011,6.52
Beaufort,NC,37013,37013,14.98
Bertie,NC,37015,37015,20.61
Bladen,NC,37017,37017,12.77
Brunswick,NC,37019,37019,7.68
Buncombe,NC,37021,37021,10.13
Burke,NC,37023,37023,23.74
Cabarrus,NC,37025,37025,9.57
Caldwell,NC,37027,37027,26.34
Camden,NC,37029,37029,9.07
Carteret,NC,37031,37031,5.44
Caswell,NC,37033,37033,14.4
Catawba,NC,37035,37035,27.49
Chatham,NC,37037,37037,13.3
Cherokee,NC,37039,37039,11.89
Chowan,NC,37041,37041,9.68
Clay,NC,37043,37043,4.88
Cleveland,NC,37045,37045,20.84
Columbus,NC,37047,37047,11.43
Craven,NC,37049,37049,10.75
Cumberland,NC,37051,37051,7.87
Currituck,NC,37053,37053,7.8
Dare,NC,37055,37055,4.95
Davidson,NC,37057,37057,20.28
Davie,NC,37059,37059,19.81
Duplin,NC,37061,37061,18.17
Durham,NC,37063,37063,7.12
Edgecombe,NC,37065,37065,18.43
Forsyth,NC,37067,37067,12.35
Franklin,NC,37069,37069,11.24
Gaston,NC,37071,37071,17.59
Gates,NC,37073,37073,22.59
Graham,NC,37075,37075,7.88
Granville,NC,37077,37077,16.3
Greene,NC,37079,37079,18.44
Guilford,NC,37081,37081,12.47
Halifax,NC,37083,37083,20.29
Harnett,NC,37085,37085,10.37
Haywood,NC,37087,37087,12.83
Henderson,NC,37089,37089,14.19
Hertford,NC,37091,37091,16.33
Hoke,NC,37093,37093,14.28
Hyde,NC,37095,37095,13.75
Iredell,NC,37097,37097,19.3
Jackson,NC,37099,37099,4.63
Johnston,NC,37101,37101,10.72
Jones,NC,37103,37103,15.78
Lee,NC,37105,37105,22.68
Lenoir,NC,37107,37107,17.72
Lincoln,NC,37109,37109,18.24
McDowell,NC,37111,37111,27.64
Macon,NC,37113,37113,5.4
Madison,NC,37115,37115,6.76
Martin,NC,37117,37117,12.03
Mecklenburg,NC,37119,37119,7.9
Mitchell,NC,37121,37121,15.19
Montgomery,NC,37123,37123,31.22
Moore,NC,37125,37125,9.21
Nash,NC,37127,37127,15.69
New Hanover,NC,37129,37129,7
Northampton,NC,37131,37131,15.16
Onslow,NC,37133,37133,4.19
Orange,NC,37135,37135,6.12
Pamlico,NC,37137,37137,9.12
Pasquotank,NC,37139,37139,10.54
Pender,NC,37141,37141,9.84
Perquimans,NC,37143,37143,11.46
Person,NC,37145,37145,14.37
Pitt,NC,37147,37147,10.57
Polk,NC,37149,37149,12.53
Randolph,NC,37151,37151,23.23
Richmond,NC,37153,37153,18.75
Robeson,NC,37155,37155,17.54
Rockingham,NC,37157,37157,17.65
Rowan,NC,37159,37159,16.8
Rutherford,NC,37161,37161,20.68
Sampson,NC,37163,37163,15.78
Scotland,NC,37165,37165,23.71
Stanly,NC,37167,37167,15.75
Stokes,NC,37169,37169,17.65
Surry,NC,37171,37171,16.33
Swain,NC,37173,37173,3.97
Transylvania,NC,37175,37175,8.68
Tyrrell,NC,37177,37177,8.27
Union,NC,37179,37179,11.79
Vance,NC,37181,37181,17.05
Wake,NC,37183,37183,8.39
Warren,NC,37185,37185,16.02
Washington,NC,37187,37187,20.45
Watauga,NC,37189,37189,4.71
Wayne,NC,37191,37191,14.82
Wilkes,NC,37193,37193,17.73
Wilson,NC,37195,37195,19.38
Yadkin,NC,37197,37197,21.47
Yancey,NC,37199,37199,16.19
Adams,ND,38001,38001,5.29
Barnes,ND,38003,38003,10.1
Benson,ND,38005,38005,4.51
Billings,ND,38007,38007,2.46
Bottineau,ND,38009,38009,2.61
Bowman,ND,38011,38011,3.02
Burke,ND,38013,38013,3.23
Burleigh,ND,38015,38015,4.44
Cass,ND,38017,38017,8.81
Cavalier,ND,38019,38019,4.01
Dickey,ND,38021,38021,12.69
Divide,ND,38023,38023,0.99
Dunn,ND,38025,38025,7.47
Eddy,ND,38027,38027,4.94
Emmons,ND,38029,38029,1.5
Foster,ND,38031,38031,10.67
Golden Valley,ND,38033,38033,1.02
Grand Forks,ND,38035,38035,5.75
Grant,ND,38037,38037,4.45
Griggs,ND,38039,38039,9.18
Hettinger,ND,38041,38041,2.8
Kidder,ND,38043,38043,5.02
LaMoure,ND,38045,38045,8.34
Logan,ND,38047,38047,2.43
McHenry,ND,38049,38049,4.88
McIntosh,ND,38051,38051,3.28
McKenzie,ND,38053,38053,3.61
McLean,ND,38055,38055,4.96
Mercer,ND,38057,38057,6.43
Morton,ND,38059,38059,7.85
Mountrail,ND,38061,38061,3.41
Nelson,ND,38063,38063,4
Oliver,ND,38065,38065,4.49
Pembina,ND,38067,38067,12.35
Pierce,ND,38069,38069,1.95
Ramsey,ND,38071,38071,3.25
Ransom,ND,38073,38073,24.39
Renville,ND,38075,38075,1.6
Richland,ND,38077,38077,18.55
Rolette,ND,38079,38079,2.93
Sargent,ND,38081,38081,37.78
Sheridan,ND,38083,38083,6.88
Sioux,ND,38085,38085,0.56
Slope,ND,38087,38087,0
Stark,ND,38089,38089,7.7
Steele,ND,38091,38091,10.36
Stutsman,ND,38093,38093,10.15
Towner,ND,38095,38095,3.28
Traill,ND,38097,38097,8.55
Walsh,ND,38099,38099,10.72
Ward,ND,38101,38101,3.11
Wells,ND,38103,38103,4.51
Williams,ND,38105,38105,2.52
Adams,OH,39001,39001,15.67
Allen,OH,39003,39003,21.66
Ashland,OH,39005,39005,20.47
Ashtabula,OH,39007,39007,24.14
Athens,OH,39009,39009,6.88
Auglaize,OH,39011,39011,34.47
Belmont,OH,39013,39013,8.94
Brown,OH,39015,39015,17.16
Butler,OH,39017,39017,15.65
Carroll,OH,39019,39019,19.28
Champaign,OH,39021,39021,29.95
Clark,OH,39023,39023,18.04
Clermont,OH,39025,39025,14.62
Clinton,OH,39027,39027,16.63
Columbiana,OH,39029,39029,19.24
Coshocton,OH,39031,39031,22.66
Crawford,OH,39033,39033,26.92
Cuyahoga,OH,39035,39035,12.31
Darke,OH,39037,39037,28.56
Defiance,OH,39039,39039,28.81
Delaware,OH,39041,39041,9.74
Erie,OH,39043,39043,18.21
Fairfield,OH,39045,39045,9.57
Fayette,OH,39047,39047,21.92
Franklin,OH,39049,39049,7.57
Fulton,OH,39051,39051,25.34
Gallia,OH,39053,39053,13
Geauga,OH,39055,39055,15.94
Greene,OH,39057,39057,9.85
Guernsey,OH,39059,39059,12.63
Hamilton,OH,39061,39061,11.61
Hancock,OH,39063,39063,25.42
Hardin,OH,39065,39065,25.87
Harrison,OH,39067,39067,12.53
Henry,OH,39069,39069,25.33
Highland,OH,39071,39071,21.31
Hocking,OH,39073,39073,12.8
Holmes,OH,39075,39075,29.45
Huron,OH,39077,39077,24.92
Jackson,OH,39079,39079,22.11
Jefferson,OH,39081,39081,10.63
Knox,OH,39083,39083,17.83
Lake,OH,39085,39085,19.78
Lawrence,OH,39087,39087,12.24
Licking,OH,39089,39089,11.47
Logan,OH,39091,39091,28.57
Lorain,OH,39093,39093,16.17
Lucas,OH,39095,39095,16.09
Madison,OH,39097,39097,14.37
Mahoning,OH,39099,39099,13.56
Marion,OH,39101,39101,24.18
Medina,OH,39103,39103,16.05
Meigs,OH,39105,39105,10.88
Mercer,OH,39107,39107,34.69
Miami,OH,39109,39109,26.45
Monroe,OH,39111,39111,10.47
Montgomery,OH,39113,39113,13.27
Morgan,OH,39115,39115,19.01
Morrow,OH,39117,39117,15.13
Muskingum,OH,39119,39119,12.66
Noble,OH,39121,39121,14.6
Ottawa,OH,39123,39123,19.53
Paulding,OH,39125,39125,31.51
Perry,OH,39127,39127,16.38
Pickaway,OH,39129,39129,10.23
Pike,OH,39131,39131,13.79
Portage,OH,39133,39133,17.78
Preble,OH,39135,39135,23.84
Putnam,OH,39137,39137,29.82
Richland,OH,39139,39139,19.94
Ross,OH,39141,39141,17.04
Sandusky,OH,39143,39143,29.9
Scioto,OH,39145,39145,10.14
Seneca,OH,39147,39147,28.43
Shelby,OH,39149,39149,35.59
Stark,OH,39151,39151,17.03
Summit,OH,39153,39153,14.87
Trumbull,OH,39155,39155,19.99
Tuscarawas,OH,39157,39157,23.76
Union,OH,39159,39159,20.02
Van Wert,OH,39161,39161,30.04
Vinton,OH,39163,39163,21.38
Warren,OH,39165,39165,16.67
Washington,OH,39167,39167,13.49
Wayne,OH,39169,39169,23.57
Williams,OH,39171,39171,32.06
Wood,OH,39173,39173,17.96
Wyandot,OH,39175,39175,28.23
Adair,OK,40001,40001,23.11
Alfalfa,OK,40003,40003,2.91
Atoka,OK,40005,40005,8.56
Beaver,OK,40007,40007,6.6
Beckham,OK,40009,40009,4.62
Blaine,OK,40011,40011,11.61
Bryan,OK,40013,40013,10.66
Caddo,OK,40015,40015,4.65
Canadian,OK,40017,40017,7.3
Carter,OK,40019,40019,12.88
Cherokee,OK,40021,40021,7.6
Choctaw,OK,40023,40023,9.53
Cimarron,OK,40025,40025,5.65
Cleveland,OK,40027,40027,6.71
Coal,OK,40029,40029,8.08
Comanche,OK,40031,40031,8.97
Cotton,OK,40033,40033,11.2
Craig,OK,40035,40035,6.03
Creek,OK,40037,40037,13.81
Custer,OK,40039,40039,6.01
Delaware,OK,40041,40041,12.32
Dewey,OK,40043,40043,5.45
Ellis,OK,40045,40045,3.19
Garfield,OK,40047,40047,10.3
Garvin,OK,40049,40049,11.21
Grady,OK,40051,40051,7.9
Grant,OK,40053,40053,6.46
Greer,OK,40055,40055,3.46
Harmon,OK,40057,40057,6.34
Harper,OK,40059,40059,1.68
Haskell,OK,40061,40061,6.27
Hughes,OK,40063,40063,7.73
Jackson,OK,40065,40065,7.05
Jefferson,OK,40067,40067,5.73
Johnston,OK,40069,40069,12.49
Kay,OK,40071,40071,14.25
Kingfisher,OK,40073,40073,6.51
Kiowa,OK,40075,40075,8.02
Latimer,OK,40077,40077,5.36
Le Flore,OK,40079,40079,11.97
Lincoln,OK,40081,40081,9.86
Logan,OK,40083,40083,6.38
Love,OK,40085,40085,10.4
McClain,OK,40087,40087,6.01
McCurtain,OK,40089,40089,19.88
McIntosh,OK,40091,40091,9.67
Major,OK,40093,40093,8.74
Marshall,OK,40095,40095,18.55
Mayes,OK,40097,40097,18.38
Murray,OK,40099,40099,9.25
Muskogee,OK,40101,40101,12.84
Noble,OK,40103,40103,20.96
Nowata,OK,40105,40105,14.95
Okfuskee,OK,40107,40107,8.46
Oklahoma,OK,40109,40109,6.65
Okmulgee,OK,40111,40111,11.08
Osage,OK,40113,40113,12.09
Ottawa,OK,40115,40115,13.53
Pawnee,OK,40117,40117,14.18
Payne,OK,40119,40119,4.94
Pittsburg,OK,40121,40121,9.52
Pontotoc,OK,40123,40123,7.57
Pottawatomie,OK,40125,40125,9.8
Pushmataha,OK,40127,40127,5.41
Roger Mills,OK,40129,40129,3.24
Rogers,OK,40131,40131,14.44
Seminole,OK,40133,40133,11.04
Sequoyah,OK,40135,40135,11.86
Stephens,OK,40137,40137,8.93
Texas,OK,40139,40139,17.82
Tillman,OK,40141,40141,15.41
Tulsa,OK,40143,40143,11.46
Wagoner,OK,40145,40145,13.06
Washington,OK,40147,40147,13.73
Washita,OK,40149,40149,7.18
Woods,OK,40151,40151,5.86
Woodward,OK,40153,40153,6.71
Baker,OR,41001,41001,11.04
Benton,OR,41003,41003,9.61
Clackamas,OR,41005,41005,11.49
Clatsop,OR,41007,41007,8.08
Columbia,OR,41009,41009,17.27
Coos,OR,41011,41011,8.17
Crook,OR,41013,41013,12.28
Curry,OR,41015,41015,3.44
Deschutes,OR,41017,41017,7.8
Douglas,OR,41019,41019,11.46
Gilliam,OR,41021,41021,3.82
Grant,OR,41023,41023,2.99
Harney,OR,41025,41025,1.71
Hood River,OR,41027,41027,8.76
Jackson,OR,41029,41029,9.01
Jefferson,OR,41031,41031,14.19
Josephine,OR,41033,41033,10.39
Klamath,OR,41035,41035,9.8
Lake,OR,41037,41037,8.21
Lane,OR,41039,41039,10.13
Lincoln,OR,41041,41041,6.02
Linn,OR,41043,41043,13.94
Malheur,OR,41045,41045,10.43
Marion,OR,41047,41047,10.59
Morrow,OR,41049,41049,15.99
Multnomah,OR,41051,41051,9.32
Polk,OR,41053,41053,7.93
Sherman,OR,41055,41055,2.94
Tillamook,OR,41057,41057,11.1
Umatilla,OR,41059,41059,12.07
Union,OR,41061,41061,10.36
Wallowa,OR,41063,41063,5.94
Wasco,OR,41065,41065,9.06
Washington,OR,41067,41067,17.5
Wheeler,OR,41069,41069,4.66
Yamhill,OR,41071,41071,15.36
Adams,PA,42001,42001,16.91
Allegheny,PA,42003,42003,7.94
Armstrong,PA,42005,42005,15.71
Beaver,PA,42007,42007,11.85
Bedford,PA,42009,42009,13.53
Berks,PA,42011,42011,17.88
Blair,PA,42013,42013,10.02
Bradford,PA,42015,42015,18.16
Bucks,PA,42017,42017,11.41
Butler,PA,42019,42019,13.33
Cambria,PA,42021,42021,9.48
Cameron,PA,42023,42023,30.84
Carbon,PA,42025,42025,14.89
Centre,PA,42027,42027,7.27
Chester,PA,42029,42029,11.23
Clarion,PA,42031,42031,13.37
Clearfield,PA,42033,42033,11.98
Clinton,PA,42035,42035,16.8
Columbia,PA,42037,42037,14.96
Crawford,PA,42039,42039,21.39
Cumberland,PA,42041,42041,8.28
Dauphin,PA,42043,42043,8.89
Delaware,PA,42045,42045,7.21
Elk,PA,42047,42047,38.95
Erie,PA,42049,42049,15.95
Fayette,PA,42051,42051,11.1
Forest,PA,42053,42053,10.72
Franklin,PA,42055,42055,15.07
Fulton,PA,42057,42057,21.35
Greene,PA,42059,42059,6.91
Huntingdon,PA,42061,42061,14
Indiana,PA,42063,42063,9.56
Jefferson,PA,42065,42065,18.21
Juniata,PA,42067,42067,19.94
Lackawanna,PA,42069,42069,10.89
Lancaster,PA,42071,42071,15.6
Lawrence,PA,42073,42073,15.29
Lebanon,PA,42075,42075,14.59
Lehigh,PA,42077,42077,14.19
Luzerne,PA,42079,42079,13.81
Lycoming,PA,42081,42081,14.31
McKean,PA,42083,42083,20.64
Mercer,PA,42085,42085,16.32
Mifflin,PA,42087,42087,23.2
Monroe,PA,42089,42089,9.76
Montgomery,PA,42091,42091,11.6
Montour,PA,42093,42093,9.75
Northampton,PA,42095,42095,14.07
Northumberland,PA,42097,42097,15.26
Perry,PA,42099,42099,8.61
Philadelphia,PA,42101,42101,6.36
Pike,PA,42103,42103,6.25
Potter,PA,42105,42105,16.41
Schuylkill,PA,42107,42107,19.9
Snyder,PA,42109,42109,18.68
Somerset,PA,42111,42111,13.83
Sullivan,PA,42113,42113,17.62
Susquehanna,PA,42115,42115,12.85
Tioga,PA,42117,42117,16.03
Union,PA,42119,42119,12.52
Venango,PA,42121,42121,17.86
Warren,PA,42123,42123,21.43
Washington,PA,42125,42125,10.89
Wayne,PA,42127,42127,7.36
Westmoreland,PA,42129,42129,14.31
Wyoming,PA,42131,42131,13.98
York,PA,42133,42133,15.92
Bristol,RI,44001,44001,8.8
Kent,RI,44003,44003,10.9
Newport,RI,44005,44005,7.17
Providence,RI,44007,44007,11.52
Washington,RI,44009,44009,10.5
Abbeville,SC,45001,45001,23.69
Aiken,SC,45003,45003,14.12
Allendale,SC,45005,45005,13.77
Anderson,SC,45007,45007,20.55
Bamberg,SC,45009,45009,22.9
Barnwell,SC,45011,45011,20.96
Beaufort,SC,45013,45013,5.5
Berkeley,SC,45015,45015,12.16
Calhoun,SC,45017,45017,14.61
Charleston,SC,45019,45019,6.25
Cherokee,SC,45021,45021,26.33
Chester,SC,45023,45023,23.52
Chesterfield,SC,45025,45025,29.28
Clarendon,SC,45027,45027,14.1
Colleton,SC,45029,45029,7.84
Darlington,SC,45031,45031,18.51
Dillon,SC,45033,45033,16.63
Dorchester,SC,45035,45035,13.34
Edgefield,SC,45037,45037,14.14
Fairfield,SC,45039,45039,17.96
Florence,SC,45041,45041,14.84
Georgetown,SC,45043,45043,9.99
Greenville,SC,45045,45045,17.75
Greenwood,SC,45047,45047,23.95
Hampton,SC,45049,45049,12.58
Horry,SC,45051,45051,4.12
Jasper,SC,45053,45053,6.13
Kershaw,SC,45055,45055,12.61
Lancaster,SC,45057,45057,15.76
Laurens,SC,45059,45059,25.25
Lee,SC,45061,45061,18.23
Lexington,SC,45063,45063,9.61
McCormick,SC,45065,45065,18.69
Marion,SC,45067,45067,18.97
Marlboro,SC,45069,45069,28.47
Newberry,SC,45071,45071,22.54
Oconee,SC,45073,45073,18.97
Orangeburg,SC,45075,45075,17.96
Pickens,SC,45077,45077,15.83
Richland,SC,45079,45079,6.64
Saluda,SC,45081,45081,17.41
Spartanburg,SC,45083,45083,20.94
Sumter,SC,45085,45085,17.47
Union,SC,45087,45087,24.91
Williamsburg,SC,45089,45089,19.27
York,SC,45091,45091,14.38
Aurora,SD,46003,46003,10.1
Beadle,SD,46005,46005,22.09
Bennett,SD,46007,46007,1.35
Bon Homme,SD,46009,46009,12.04
Brookings,SD,46011,46011,20.02
Brown,SD,46013,46013,13.9
Brule,SD,46015,46015,2.95
Buffalo,SD,46017,46017,1.33
Butte,SD,46019,46019,8.58
Campbell,SD,46021,46021,6.64
Charles Mix,SD,46023,46023,3.56
Clark,SD,46025,46025,6.18
Clay,SD,46027,46027,7.37
Codington,SD,46029,46029,16.35
Corson,SD,46031,46031,2.54
Custer,SD,46033,46033,4.85
Davison,SD,46035,46035,14.08
Day,SD,46037,46037,10.42
Deuel,SD,46039,46039,19.99
Dewey,SD,46041,46041,0.96
Douglas,SD,46043,46043,6.07
Edmunds,SD,46045,46045,6.46
Fall River,SD,46047,46047,6.31
Faulk,SD,46049,46049,6.76
Grant,SD,46051,46051,13.67
Gregory,SD,46053,46053,2.17
Haakon,SD,46055,46055,8.02
Hamlin,SD,46057,46057,16.41
Hand,SD,46059,46059,4.99
Hanson,SD,46061,46061,16.7
Harding,SD,46063,46063,1.15
Hughes,SD,46065,46065,3.03
Hutchinson,SD,46067,46067,9.69
Hyde,SD,46069,46069,2.38
Jackson,SD,46071,46071,2.49
Jerauld,SD,46073,46073,9.37
Jones,SD,46075,46075,3.59
Kingsbury,SD,46077,46077,14.15
Lake,SD,46079,46079,17.74
Lawrence,SD,46081,46081,4.35
Lincoln,SD,46083,46083,8.02
Lyman,SD,46085,46085,0.18
McCook,SD,46087,46087,5.7
McPherson,SD,46089,46089,3.81
Marshall,SD,46091,46091,14.29
Meade,SD,46093,46093,4.88
Mellette,SD,46095,46095,0.74
Miner,SD,46097,46097,16.31
Minnehaha,SD,46099,46099,11.25
Moody,SD,46101,46101,9.88
Pennington,SD,46103,46103,6.25
Perkins,SD,46105,46105,5.68
Potter,SD,46107,46107,4.51
Roberts,SD,46109,46109,11.46
Sanborn,SD,46111,46111,12.5
Shannon,SD,46113,46113,2.66
Spink,SD,46115,46115,5.18
Stanley,SD,46117,46117,2.07
Sully,SD,46119,46119,1.98
Todd,SD,46121,46121,0
Tripp,SD,46123,46123,1
Turner,SD,46125,46125,7.89
Union,SD,46127,46127,18.67
Walworth,SD,46129,46129,3.9
Yankton,SD,46135,46135,19.04
Ziebach,SD,46137,46137,2.71
Anderson,TN,47001,47001,11.67
Bedford,TN,47003,47003,24.76
Benton,TN,47005,47005,18.81
Bledsoe,TN,47007,47007,13
Blount,TN,47009,47009,14.1
Bradley,TN,47011,47011,20.87
Campbell,TN,47013,47013,14.79
Cannon,TN,47015,47015,21.72
Carroll,TN,47017,47017,17.33
Carter,TN,47019,47019,12.99
Cheatham,TN,47021,47021,11.32
Chester,TN,47023,47023,16.9
Claiborne,TN,47025,47025,18.36
Clay,TN,47027,47027,17.6
Cocke,TN,47029,47029,17.99
Coffee,TN,47031,47031,26.16
Crockett,TN,47033,47033,16.55
Cumberland,TN,47035,47035,14.36
Davidson,TN,47037,47037,7.35
Decatur,TN,47039,47039,17.9
DeKalb,TN,47041,47041,27.68
Dickson,TN,47043,47043,16.04
Dyer,TN,47045,47045,24.66
Fayette,TN,47047,47047,13.93
Fentress,TN,47049,47049,14.25
Franklin,TN,47051,47051,21.99
Gibson,TN,47053,47053,17.28
Giles,TN,47055,47055,25.78
Grainger,TN,47057,47057,17.81
Greene,TN,47059,47059,21.62
Grundy,TN,47061,47061,24.99
Hamblen,TN,47063,47063,27.95
Hamilton,TN,47065,47065,12.84
Hancock,TN,47067,47067,19.32
Hardeman,TN,47069,47069,22.97
Hardin,TN,47071,47071,21.34
Hawkins,TN,47073,47073,21.26
Haywood,TN,47075,47075,25.96
Henderson,TN,47077,47077,19.8
Henry,TN,47079,47079,16.92
Hickman,TN,47081,47081,16.1
Houston,TN,47083,47083,28.59
Humphreys,TN,47085,47085,23.01
Jackson,TN,47087,47087,17.4
Jefferson,TN,47089,47089,15.34
Johnson,TN,47091,47091,14.56
Knox,TN,47093,47093,7.8
Lake,TN,47095,47095,12.53
Lauderdale,TN,47097,47097,24.5
Lawrence,TN,47099,47099,20.04
Lewis,TN,47101,47101,22.2
Lincoln,TN,47103,47103,23.51
Loudon,TN,47105,47105,17.64
McMinn,TN,47107,47107,25.6
McNairy,TN,47109,47109,25.49
Macon,TN,47111,47111,20.38
Madison,TN,47113,47113,14.47
Marion,TN,47115,47115,19.78
Marshall,TN,47117,47117,24.81
Maury,TN,47119,47119,15.19
Meigs,TN,47121,47121,25.75
Monroe,TN,47123,47123,27.36
Montgomery,TN,47125,47125,13.01
Moore,TN,47127,47127,26.97
Morgan,TN,47129,47129,12.7
Obion,TN,47131,47131,19.98
Overton,TN,47133,47133,16.15
Perry,TN,47135,47135,25.24
Pickett,TN,47137,47137,10.63
Polk,TN,47139,47139,21.74
Putnam,TN,47141,47141,14.09
Rhea,TN,47143,47143,21.17
Roane,TN,47145,47145,10.88
Robertson,TN,47147,47147,13.57
Rutherford,TN,47149,47149,12.95
Scott,TN,47151,47151,18.47
Sequatchie,TN,47153,47153,13.88
Sevier,TN,47155,47155,7.36
Shelby,TN,47157,47157,8.99
Smith,TN,47159,47159,18.59
Stewart,TN,47161,47161,13.84
Sullivan,TN,47163,47163,15.31
Sumner,TN,47165,47165,11.68
Tipton,TN,47167,47167,12.4
Trousdale,TN,47169,47169,10.99
Unicoi,TN,47171,47171,20.28
Union,TN,47173,47173,15.37
Van Buren,TN,47175,47175,22.49
Warren,TN,47177,47177,24.86
Washington,TN,47179,47179,12.23
Wayne,TN,47181,47181,14.92
Weakley,TN,47183,47183,18.15
White,TN,47185,47185,22.41
Williamson,TN,47187,47187,7.42
Wilson,TN,47189,47189,9.64
Anderson,TX,48001,48001,7.76
Andrews,TX,48003,48003,7.48
Angelina,TX,48005,48005,11.43
Aransas,TX,48007,48007,4.8
Archer,TX,48009,48009,7.19
Armstrong,TX,48011,48011,9.57
Atascosa,TX,48013,48013,7.75
Austin,TX,48015,48015,11.76
Bailey,TX,48017,48017,8.35
Bandera,TX,48019,48019,5.13
Bastrop,TX,48021,48021,9.4
Baylor,TX,48023,48023,1.88
Bee,TX,48025,48025,3.83
Bell,TX,48027,48027,5.53
Bexar,TX,48029,48029,5.38
Blanco,TX,48031,48031,9.57
Borden,TX,48033,48033,2.6
Bosque,TX,48035,48035,10.91
Bowie,TX,48037,48037,9.19
Brazoria,TX,48039,48039,13.43
Brazos,TX,48041,48041,5.68
Brewster,TX,48043,48043,2.4
Briscoe,TX,48045,48045,4
Brooks,TX,48047,48047,1.6
Brown,TX,48049,48049,15.33
Burleson,TX,48051,48051,11.68
Burnet,TX,48053,48053,5.58
Caldwell,TX,48055,48055,7.64
Calhoun,TX,48057,48057,26.54
Callahan,TX,48059,48059,8.08
Cameron,TX,48061,48061,5.71
Camp,TX,48063,48063,18.47
Carson,TX,48065,48065,9.52
Cass,TX,48067,48067,10.7
Castro,TX,48069,48069,7.53
Chambers,TX,48071,48071,19.98
Cherokee,TX,48073,48073,11.48
Childress,TX,48075,48075,7.08
Clay,TX,48077,48077,11.93
Cochran,TX,48079,48079,4.39
Coke,TX,48081,48081,4.21
Coleman,TX,48083,48083,10.14
Collin,TX,48085,48085,8.29
Collingsworth,TX,48087,48087,7.48
Colorado,TX,48089,48089,11.03
Comal,TX,48091,48091,6.41
Comanche,TX,48093,48093,12.2
Concho,TX,48095,48095,4.31
Cooke,TX,48097,48097,15.7
Coryell,TX,48099,48099,6.19
Cottle,TX,48101,48101,0
Crane,TX,48103,48103,3.87
Crockett,TX,48105,48105,1.09
Crosby,TX,48107,48107,3.98
Culberson,TX,48109,48109,0.7
Dallam,TX,48111,48111,11.81
Dallas,TX,48113,48113,8.26
Dawson,TX,48115,48115,4.81
Deaf Smith,TX,48117,48117,20.18
Delta,TX,48119,48119,13.89
Denton,TX,48121,48121,8.11
DeWitt,TX,48123,48123,8.33
Dickens,TX,48125,48125,9.36
Dimmit,TX,48127,48127,2.82
Donley,TX,48129,48129,3.14
Duval,TX,48131,48131,5.05
Eastland,TX,48133,48133,7.99
Ector,TX,48135,48135,6.17
Edwards,TX,48137,48137,1.96
Ellis,TX,48139,48139,13.13
El Paso,TX,48141,48141,6.54
Erath,TX,48143,48143,12.49
Falls,TX,48145,48145,17.88
Fannin,TX,48147,48147,13.77
Fayette,TX,48149,48149,9.64
Fisher,TX,48151,48151,9.25
Floyd,TX,48153,48153,3.24
Foard,TX,48155,48155,7.02
Fort Bend,TX,48157,48157,8.84
Franklin,TX,48159,48159,13.53
Freestone,TX,48161,48161,7.21
Frio,TX,48163,48163,4.31
Gaines,TX,48165,48165,4.86
Galveston,TX,48167,48167,9.49
Garza,TX,48169,48169,6.49
Gillespie,TX,48171,48171,7.62
Glasscock,TX,48173,48173,3.66
Goliad,TX,48175,48175,11.08
Gonzales,TX,48177,48177,16.9
Gray,TX,48179,48179,7.34
Grayson,TX,48181,48181,12.42
Gregg,TX,48183,48183,10.98
Grimes,TX,48185,48185,11.42
Guadalupe,TX,48187,48187,10.24
Hale,TX,48189,48189,7.35
Hall,TX,48191,48191,4.6
Hamilton,TX,48193,48193,5.63
Hansford,TX,48195,48195,2.57
Hardeman,TX,48197,48197,8.99
Hardin,TX,48199,48199,11.7
Harris,TX,48201,48201,9.4
Harrison,TX,48203,48203,13.6
Hartley,TX,48205,48205,8.31
Haskell,TX,48207,48207,2.03
Hays,TX,48209,48209,6.04
Hemphill,TX,48211,48211,2.33
Henderson,TX,48213,48213,9.16
Hidalgo,TX,48215,48215,4.81
Hill,TX,48217,48217,12.69
Hockley,TX,48219,48219,4.77
Hood,TX,48221,48221,5.92
Hopkins,TX,48223,48223,11.5
Houston,TX,48225,48225,7.62
Howard,TX,48227,48227,5.57
Hudspeth,TX,48229,48229,7.23
Hunt,TX,48231,48231,13.25
Hutchinson,TX,48233,48233,18.38
Irion,TX,48235,48235,2.11
Jack,TX,48237,48237,2.96
Jackson,TX,48239,48239,15.42
Jasper,TX,48241,48241,13.73
Jeff Davis,TX,48243,48243,1.7
Jefferson,TX,48245,48245,11.46
Jim Hogg,TX,48247,48247,3.25
Jim Wells,TX,48249,48249,6.18
Johnson,TX,48251,48251,10.03
Jones,TX,48253,48253,4.65
Karnes,TX,48255,48255,8.3
Kaufman,TX,48257,48257,8.57
Kendall,TX,48259,48259,7.74
Kenedy,TX,48261,48261,6.16
Kent,TX,48263,48263,3.8
Kerr,TX,48265,48265,5.54
Kimble,TX,48267,48267,3.66
King,TX,48269,48269,0
Kinney,TX,48271,48271,0
Kleberg,TX,48273,48273,5.86
Knox,TX,48275,48275,5.63
Lamar,TX,48277,48277,15.16
Lamb,TX,48279,48279,6.96
Lampasas,TX,48281,48281,6.32
La Salle,TX,48283,48283,4.51
Lavaca,TX,48285,48285,17.22
Lee,TX,48287,48287,5.02
Leon,TX,48289,48289,5.72
Liberty,TX,48291,48291,14.69
Limestone,TX,48293,48293,8.27
Lipscomb,TX,48295,48295,2.42
Live Oak,TX,48297,48297,7.13
Llano,TX,48299,48299,5.09
Loving,TX,48301,48301,0
Lubbock,TX,48303,48303,5.28
Lynn,TX,48305,48305,4.13
McCulloch,TX,48307,48307,7.16
McLennan,TX,48309,48309,11.54
McMullen,TX,48311,48311,2.9
Madison,TX,48313,48313,9.3
Marion,TX,48315,48315,13.97
Martin,TX,48317,48317,4.23
Mason,TX,48319,48319,3.06
Matagorda,TX,48321,48321,13.2
Maverick,TX,48323,48323,3.87
Medina,TX,48325,48325,6.42
Menard,TX,48327,48327,1.42
Midland,TX,48329,48329,4.8
Milam,TX,48331,48331,8.24
Mills,TX,48333,48333,6.14
Mitchell,TX,48335,48335,3.15
Montague,TX,48337,48337,10.01
Montgomery,TX,48339,48339,9.12
Moore,TX,48341,48341,27.86
Morris,TX,48343,48343,17.23
Motley,TX,48345,48345,8.89
Nacogdoches,TX,48347,48347,12.05
Navarro,TX,48349,48349,16.52
Newton,TX,48351,48351,17.84
Nolan,TX,48353,48353,12.17
Nueces,TX,48355,48355,6.28
Ochiltree,TX,48357,48357,3.29
Oldham,TX,48359,48359,11.8
Orange,TX,48361,48361,16.87
Palo Pinto,TX,48363,48363,11.14
Panola,TX,48365,48365,6.01
Parker,TX,48367,48367,11.01
Parmer,TX,48369,48369,18.22
Pecos,TX,48371,48371,3.63
Polk,TX,48373,48373,8.76
Potter,TX,48375,48375,15.34
Presidio,TX,48377,48377,0.49
Rains,TX,48379,48379,10.84
Randall,TX,48381,48381,7.18
Reagan,TX,48383,48383,0.84
Real,TX,48385,48385,0.36
Red River,TX,48387,48387,16.26
Reeves,TX,48389,48389,5.97
Refugio,TX,48391,48391,7.26
Roberts,TX,48393,48393,9.24
Robertson,TX,48395,48395,10.1
Rockwall,TX,48397,48397,9.75
Runnels,TX,48399,48399,11.38
Rusk,TX,48401,48401,11.76
Sabine,TX,48403,48403,4.74
San Augustine,TX,48405,48405,12.15
San Jacinto,TX,48407,48407,8.63
San Patricio,TX,48409,48409,8.4
San Saba,TX,48411,48411,8.51
Schleicher,TX,48413,48413,2.56
Scurry,TX,48415,48415,2.67
Shackelford,TX,48417,48417,1.26
Shelby,TX,48419,48419,13.78
Sherman,TX,48421,48421,3.9
Smith,TX,48423,48423,7.01
Somervell,TX,48425,48425,8.92
Starr,TX,48427,48427,2.9
Stephens,TX,48429,48429,10.15
Sterling,TX,48431,48431,0.95
Stonewall,TX,48433,48433,0
Sutton,TX,48435,48435,4.97
Swisher,TX,48437,48437,5.28
Tarrant,TX,48439,48439,10.15
Taylor,TX,48441,48441,6.64
Terrell,TX,48443,48443,5.32
Terry,TX,48445,48445,3.36
Throckmorton,TX,48447,48447,2.63
Titus,TX,48449,48449,23.06
Tom Green,TX,48451,48451,5.67
Travis,TX,48453,48453,7.48
Trinity,TX,48455,48455,6.39
Tyler,TX,48457,48457,8.09
Upshur,TX,48459,48459,10.89
Upton,TX,48461,48461,3.29
Uvalde,TX,48463,48463,6.04
Val Verde,TX,48465,48465,5.82
Van Zandt,TX,48467,48467,10.15
Victoria,TX,48469,48469,10.76
Walker,TX,48471,48471,3.76
Waller,TX,48473,48473,9.16
Ward,TX,48475,48475,2.47
Washington,TX,48477,48477,11.44
Webb,TX,48479,48479,2.25
Wharton,TX,48481,48481,9.55
Wheeler,TX,48483,48483,3.26
Wichita,TX,48485,48485,8.67
Wilbarger,TX,48487,48487,11.69
Willacy,TX,48489,48489,3.9
Williamson,TX,48491,48491,9.88
Wilson,TX,48493,48493,6.96
Winkler,TX,48495,48495,0.69
Wise,TX,48497,48497,9.04
Wood,TX,48499,48499,9.82
Yoakum,TX,48501,48501,1.27
Young,TX,48503,48503,11.79
Zapata,TX,48505,48505,2.22
Zavala,TX,48507,48507,5.53
Beaver,UT,49001,49001,10.46
Box Elder,UT,49003,49003,23.61
Cache,UT,49005,49005,16.66
Carbon,UT,49007,49007,6.16
Daggett,UT,49009,49009,0
Davis,UT,49011,49011,10.37
Duchesne,UT,49013,49013,3.58
Emery,UT,49015,49015,1.81
Garfield,UT,49017,49017,1.6
Grand,UT,49019,49019,0.84
Iron,UT,49021,49021,7.56
Juab,UT,49023,49023,13.98
Kane,UT,49025,49025,3.57
Millard,UT,49027,49027,9.16
Morgan,UT,49029,49029,9.91
Piute,UT,49031,49031,2.95
Rich,UT,49033,49033,7.29
Salt Lake,UT,49035,49035,10.08
San Juan,UT,49037,49037,5.44
Sanpete,UT,49039,49039,10.1
Sevier,UT,49041,49041,5.93
Summit,UT,49043,49043,5.97
Tooele,UT,49045,49045,12.15
Uintah,UT,49047,49047,2.63
Utah,UT,49049,49049,8.84
Wasatch,UT,49051,49051,4.83
Washington,UT,49053,49053,6.66
Wayne,UT,49055,49055,5.2
Weber,UT,49057,49057,15.74
Addison,VT,50001,50001,10.34
Bennington,VT,50003,50003,12.52
Caledonia,VT,50005,50005,11.57
Chittenden,VT,50007,50007,10.64
Essex,VT,50009,50009,14.83
Franklin,VT,50011,50011,14
Grand Isle,VT,50013,50013,12.72
Lamoille,VT,50015,50015,8.86
Orange,VT,50017,50017,9.02
Orleans,VT,50019,50019,10.95
Rutland,VT,50021,50021,10.46
Washington,VT,50023,50023,7.09
Windham,VT,50025,50025,8.21
Windsor,VT,50027,50027,9.12
Accomack,VA,51001,51001,19.63
Albemarle,VA,51003,51003,4.23
Alleghany,VA,51005,51005,22.35
Amelia,VA,51007,51007,8.24
Amherst,VA,51009,51009,15.99
Appomattox,VA,51011,51011,14.18
Arlington,VA,51013,51013,2.13
Augusta,VA,51015,51015,13.81
Bath,VA,51017,51017,10.28
Bedford,VA,51019,51019,14.04
Bland,VA,51021,51021,21.48
Botetourt,VA,51023,51023,11.98
Brunswick,VA,51025,51025,8.46
Buchanan,VA,51027,51027,5.42
Buckingham,VA,51029,51029,6.43
Campbell,VA,51031,51031,14.62
Caroline,VA,51033,51033,4.71
Carroll,VA,51035,51035,16.5
Charles City,VA,51036,51036,13.61
Charlotte,VA,51037,51037,10.9
Chesterfield,VA,51041,51041,7.3
Clarke,VA,51043,51043,5.39
Craig,VA,51045,51045,12.63
Culpeper,VA,51047,51047,8.08
Cumberland,VA,51049,51049,4.39
Dickenson,VA,51051,51051,4.09
Dinwiddie,VA,51053,51053,9.92
Essex,VA,51057,51057,12.93
Fairfax,VA,51059,51059,2.45
Fauquier,VA,51061,51061,3.29
Floyd,VA,51063,51063,20.79
Fluvanna,VA,51065,51065,4.73
Franklin,VA,51067,51067,14.87
Frederick,VA,51069,51069,10.64
Giles,VA,51071,51071,22.21
Gloucester,VA,51073,51073,11.17
Goochland,VA,51075,51075,5.96
Grayson,VA,51077,51077,19.04
Greene,VA,51079,51079,5.85
Greensville,VA,51081,51081,13.62
Halifax,VA,51083,51083,20.06
Hanover,VA,51085,51085,5.63
Henrico,VA,51087,51087,5.8
Henry,VA,51089,51089,20.25
Highland,VA,51091,51091,5.84
Isle of Wight,VA,51093,51093,18.15
James City,VA,51095,51095,6.76
King and Queen,VA,51097,51097,10.43
King George,VA,51099,51099,4.2
King William,VA,51101,51101,9.29
Lancaster,VA,51103,51103,8.46
Lee,VA,51105,51105,11.73
Loudoun,VA,51107,51107,4.17
Louisa,VA,51109,51109,6.89
Lunenburg,VA,51111,51111,14.05
Madison,VA,51113,51113,10.75
Mathews,VA,51115,51115,12.87
Mecklenburg,VA,51117,51117,8.43
Middlesex,VA,51119,51119,10.76
Montgomery,VA,51121,51121,9.09
Nelson,VA,51125,51125,7.71
New Kent,VA,51127,51127,8.56
Northampton,VA,51131,51131,7.69
Northumberland,VA,51133,51133,3.66
Nottoway,VA,51135,51135,5.95
Orange,VA,51137,51137,7.71
Page,VA,51139,51139,15.08
Patrick,VA,51141,51141,22.94
Pittsylvania,VA,51143,51143,17.56
Powhatan,VA,51145,51145,9.97
Prince Edward,VA,51147,51147,3.58
Prince George,VA,51149,51149,10.53
Prince William,VA,51153,51153,3.04
Pulaski,VA,51155,51155,19.62
Rappahannock,VA,51157,51157,5.64
Richmond,VA,51159,51159,16.93
Roanoke,VA,51161,51161,8.29
Rockbridge,VA,51163,51163,12.32
Rockingham,VA,51165,51165,13.09
Russell,VA,51167,51167,9.26
Scott,VA,51169,51169,15.91
Shenandoah,VA,51171,51171,13.16
Smyth,VA,51173,51173,19.83
Southampton,VA,51175,51175,14.31
Spotsylvania,VA,51177,51177,3.52
Stafford,VA,51179,51179,2.77
Surry,VA,51181,51181,15.3
Sussex,VA,51183,51183,12.6
Tazewell,VA,51185,51185,7.4
Warren,VA,51187,51187,7.23
Washington,VA,51191,51191,13.33
Westmoreland,VA,51193,51193,5.5
Wise,VA,51195,51195,6.01
Wythe,VA,51197,51197,18.47
York,VA,51199,51199,8.39
Alexandria City,VA,51510,51510,2.63
Bedford City,VA,51515,51515,N/A
Bristol City,VA,51520,51520,11.4
Buena Vista City,VA,51530,51530,23.02
Charlottesville City,VA,51540,51540,3.82
Chesapeake City,VA,51550,51550,8.11
Colonial Heights City,VA,51570,51570,8.24
Covington City,VA,51580,51580,18.09
Danville City,VA,51590,51590,16.51
Emporia City,VA,51595,51595,15.41
Fairfax City,VA,51600,51600,3.48
Falls Church City,VA,51610,51610,3.06
Franklin City,VA,51620,51620,21.5
Fredericksburg City,VA,51630,51630,3.4
Galax City,VA,51640,51640,18.13
Hampton City,VA,51650,51650,12.6
Harrisonburg City,VA,51660,51660,13.26
Hopewell City,VA,51670,51670,15.82
Lexington City,VA,51678,51678,2.54
Lynchburg City,VA,51680,51680,8.7
Manassas City,VA,51683,51683,4.43
Manassas Park City,VA,51685,51685,1.55
Martinsville City,VA,51690,51690,20
Newport News City,VA,51700,51700,13.66
Norfolk City,VA,51710,51710,7.06
Norton City,VA,51720,51720,9.52
Petersburg City,VA,51730,51730,13.9
Poquoson City,VA,51735,51735,14.28
Portsmouth City,VA,51740,51740,10.33
Radford City,VA,51750,51750,9.68
Richmond City,VA,51760,51760,5.39
Roanoke City,VA,51770,51770,9.96
Salem City,VA,51775,51775,11.51
Staunton City,VA,51790,51790,9.28
Suffolk City,VA,51800,51800,12.49
Virginia Beach City,VA,51810,51810,5.49
Waynesboro City,VA,51820,51820,12.73
Williamsburg City,VA,51830,51830,2.67
Winchester City,VA,51840,51840,8.95
Adams,WA,53001,53001,13.89
Asotin,WA,53003,53003,15.79
Benton,WA,53005,53005,6.95
Chelan,WA,53007,53007,5.11
Clallam,WA,53009,53009,5.25
Clark,WA,53011,53011,11.08
Columbia,WA,53013,53013,5.87
Cowlitz,WA,53015,53015,16.5
Douglas,WA,53017,53017,4.24
Ferry,WA,53019,53019,2.31
Franklin,WA,53021,53021,9.92
Garfield,WA,53023,53023,4.95
Grant,WA,53025,53025,14
Grays Harbor,WA,53027,53027,9.67
Island,WA,53029,53029,11.92
Jefferson,WA,53031,53031,6.13
King,WA,53033,53033,8.99
Kitsap,WA,53035,53035,10.72
Kittitas,WA,53037,53037,4.57
Klickitat,WA,53039,53039,8.9
Lewis,WA,53041,53041,9.84
Lincoln,WA,53043,53043,2.23
Mason,WA,53045,53045,9.11
Okanogan,WA,53047,53047,4.34
Pacific,WA,53049,53049,12.1
Pend Oreille,WA,53051,53051,8.31
Pierce,WA,53053,53053,9.54
San Juan,WA,53055,53055,4.24
Skagit,WA,53057,53057,12.78
Skamania,WA,53059,53059,15.58
Snohomish,WA,53061,53061,15.18
Spokane,WA,53063,53063,7.61
Stevens,WA,53065,53065,10.8
Thurston,WA,53067,53067,5.22
Wahkiakum,WA,53069,53069,10.81
Walla Walla,WA,53071,53071,8.41
Whatcom,WA,53073,53073,11.21
Whitman,WA,53075,53075,8.83
Yakima,WA,53077,53077,8.71
Barbour,WV,54001,54001,9.17
Berkeley,WV,54003,54003,10.3
Boone,WV,54005,54005,7.09
Braxton,WV,54007,54007,5.92
Brooke,WV,54009,54009,11.92
Cabell,WV,54011,54011,7.41
Calhoun,WV,54013,54013,7.71
Clay,WV,54015,54015,10.2
Doddridge,WV,54017,54017,1.56
Fayette,WV,54019,54019,5.79
Gilmer,WV,54021,54021,6.99
Grant,WV,54023,54023,17.7
Greenbrier,WV,54025,54025,6.21
Hampshire,WV,54027,54027,14.26
Hancock,WV,54029,54029,17.13
Hardy,WV,54031,54031,19.07
Harrison,WV,54033,54033,4.44
Jackson,WV,54035,54035,11.37
Jefferson,WV,54037,54037,6.61
Kanawha,WV,54039,54039,5.18
Lewis,WV,54041,54041,5.54
Lincoln,WV,54043,54043,7.99
Logan,WV,54045,54045,4.8
McDowell,WV,54047,54047,2.8
Marion,WV,54049,54049,7.31
Marshall,WV,54051,54051,6.4
Mason,WV,54053,54053,15.55
Mercer,WV,54055,54055,7.48
Mineral,WV,54057,54057,14.39
Mingo,WV,54059,54059,3.06
Monongalia,WV,54061,54061,5.08
Monroe,WV,54063,54063,13.39
Morgan,WV,54065,54065,9.1
Nicholas,WV,54067,54067,5.98
Ohio,WV,54069,54069,5.6
Pendleton,WV,54071,54071,15.67
Pleasants,WV,54073,54073,14.19
Pocahontas,WV,54075,54075,6.56
Preston,WV,54077,54077,9.68
Putnam,WV,54079,54079,10.23
Raleigh,WV,54081,54081,3.33
Randolph,WV,54083,54083,9.72
Ritchie,WV,54085,54085,14.49
Roane,WV,54087,54087,5.5
Summers,WV,54089,54089,2.31
Taylor,WV,54091,54091,6.61
Tucker,WV,54093,54093,7.54
Tyler,WV,54095,54095,9.47
Upshur,WV,54097,54097,7.52
Wayne,WV,54099,54099,11.06
Webster,WV,54101,54101,9.34
Wetzel,WV,54103,54103,11.4
Wirt,WV,54105,54105,12.7
Wood,WV,54107,54107,9.54
Wyoming,WV,54109,54109,5.22
Adams,WI,55001,55001,16.03
Ashland,WI,55003,55003,14.03
Barron,WI,55005,55005,21.2
Bayfield,WI,55007,55007,10.09
Brown,WI,55009,55009,18.79
Buffalo,WI,55011,55011,18.74
Burnett,WI,55013,55013,17.32
Calumet,WI,55015,55015,27.22
Chippewa,WI,55017,55017,19.74
Clark,WI,55019,55019,24.79
Columbia,WI,55021,55021,17.29
Crawford,WI,55023,55023,20.02
Dane,WI,55025,55025,8.83
Dodge,WI,55027,55027,27.34
Door,WI,55029,55029,18.25
Douglas,WI,55031,55031,9.11
Dunn,WI,55033,55033,17.42
Eau Claire,WI,55035,55035,12.65
Florence,WI,55037,55037,14.6
Fond du Lac,WI,55039,55039,22.46
Forest,WI,55041,55041,11.59
Grant,WI,55043,55043,15.95
Green,WI,55045,55045,18.16
Green Lake,WI,55047,55047,26.35
Iowa,WI,55049,55049,13.31
Iron,WI,55051,55051,11.59
Jackson,WI,55053,55053,16.27
Jefferson,WI,55055,55055,20.33
Juneau,WI,55057,55057,18.38
Kenosha,WI,55059,55059,18.48
Kewaunee,WI,55061,55061,25.05
La Crosse,WI,55063,55063,11.74
Lafayette,WI,55065,55065,16.86
Langlade,WI,55067,55067,16.7
Lincoln,WI,55069,55069,22.33
Manitowoc,WI,55071,55071,30.06
Marathon,WI,55073,55073,20.49
Marinette,WI,55075,55075,28.16
Marquette,WI,55077,55077,23.27
Menominee,WI,55078,55078,9.09
Milwaukee,WI,55079,55079,14.94
Monroe,WI,55081,55081,18.85
Oconto,WI,55083,55083,23.97
Oneida,WI,55085,55085,12.41
Outagamie,WI,55087,55087,21.56
Ozaukee,WI,55089,55089,18.94
Pepin,WI,55091,55091,15.26
Pierce,WI,55093,55093,17.07
Polk,WI,55095,55095,24.85
Portage,WI,55097,55097,14.45
Price,WI,55099,55099,30.35
Racine,WI,55101,55101,21.6
Richland,WI,55103,55103,22.31
Rock,WI,55105,55105,22.62
Rusk,WI,55107,55107,25.34
St. Croix,WI,55109,55109,19.27
Sauk,WI,55111,55111,15.97
Sawyer,WI,55113,55113,13.7
Shawano,WI,55115,55115,20.41
Sheboygan,WI,55117,55117,33.08
Taylor,WI,55119,55119,29.36
Trempealeau,WI,55121,55121,28.87
Vernon,WI,55123,55123,14.19
Vilas,WI,55125,55125,4.76
Walworth,WI,55127,55127,18.7
Washburn,WI,55129,55129,15.58
Washington,WI,55131,55131,23.4
Waukesha,WI,55133,55133,17.78
Waupaca,WI,55135,55135,28.57
Waushara,WI,55137,55137,21.04
Winnebago,WI,55139,55139,24.15
Wood,WI,55141,55141,19.1
Albany,WY,56001,56001,2.62
Big Horn,WY,56003,56003,10.1
Campbell,WY,56005,56005,3.14
Carbon,WY,56007,56007,9.31
Converse,WY,56009,56009,1.93
Crook,WY,56011,56011,4.49
Fremont,WY,56013,56013,2.19
Goshen,WY,56015,56015,5.39
Hot Springs,WY,56017,56017,2.26
Johnson,WY,56019,56019,1.35
Laramie,WY,56021,56021,3.9
Lincoln,WY,56023,56023,5.02
Natrona,WY,56025,56025,5.01
Niobrara,WY,56027,56027,0
Park,WY,56029,56029,4.96
Platte,WY,56031,56031,2.06
Sheridan,WY,56033,56033,3.59
Sublette,WY,56035,56035,1.55
Sweetwater,WY,56037,56037,6.03
Teton,WY,56039,56039,1.16
Uinta,WY,56041,56041,5
Washakie,WY,56043,56043,8.66
Weston,WY,56045,56045,5.43
Eastern,AS,60010,60010,N/A
Manu'a,AS,60020,60020,N/A
Rose Island,AS,60030,60030,N/A
Swains Island,AS,60040,60040,N/A
Western,AS,60050,60050,N/A
Guam,GU,66010,66010,N/A
Northern Islands,MP,69085,69085,N/A
Rota,MP,69100,69100,N/A
Saipan,MP,69110,69110,N/A
Tinian,MP,69120,69120,N/A
Adjuntas,PR,72001,72001,6.2
Aguada,PR,72003,72003,9.57
Aguadilla,PR,72005,72005,12.08
Aguas Buenas,PR,72007,72007,7.8
Aibonito,PR,72009,72009,16
Aasco,PR,72011,72011,20.41
Arecibo,PR,72013,72013,13.04
Arroyo,PR,72015,72015,9.36
Barceloneta,PR,72017,72017,13.12
Barranquitas,PR,72019,72019,11.16
Bayamn,PR,72021,72021,5.05
Cabo Rojo,PR,72023,72023,13.21
Caguas,PR,72025,72025,8.19
Camuy,PR,72027,72027,9.67
Canvanas,PR,72029,72029,6.2
Carolina,PR,72031,72031,4.84
Catao,PR,72033,72033,5.3
Cayey,PR,72035,72035,9.88
Ceiba,PR,72037,72037,12.86
Ciales,PR,72039,72039,13.29
Cidra,PR,72041,72041,14.94
Coamo,PR,72043,72043,17.52
Comero,PR,72045,72045,8.65
Corozal,PR,72047,72047,9.15
Culebra,PR,72049,72049,0
Dorado,PR,72051,72051,9
Fajardo,PR,72053,72053,7.47
Florida,PR,72054,72054,14.14
Gunica,PR,72055,72055,8.86
Guayama,PR,72057,72057,12.12
Guayanilla,PR,72059,72059,7.43
Guaynabo,PR,72061,72061,3.98
Gurabo,PR,72063,72063,13.24
Hatillo,PR,72065,72065,8.11
Hormigueros,PR,72067,72067,7.37
Humacao,PR,72069,72069,14.8
Isabela,PR,72071,72071,7.48
Jayuya,PR,72073,72073,28.74
Juana Daz,PR,72075,72075,14.02
Juncos,PR,72077,72077,15.1
Lajas,PR,72079,72079,16.83
Lares,PR,72081,72081,11
Las Maras,PR,72083,72083,9.72
Las Piedras,PR,72085,72085,19.47
Loza,PR,72087,72087,5
Luquillo,PR,72089,72089,8.37
Manat,PR,72091,72091,13.12
Maricao,PR,72093,72093,17.42
Maunabo,PR,72095,72095,8.59
Mayagez,PR,72097,72097,7.84
Moca,PR,72099,72099,10.88
Morovis,PR,72101,72101,12.55
Naguabo,PR,72103,72103,10.35
Naranjito,PR,72105,72105,7.32
Orocovis,PR,72107,72107,14.4
Patillas,PR,72109,72109,17.91
Peuelas,PR,72111,72111,12.04
Ponce,PR,72113,72113,8.82
Quebradillas,PR,72115,72115,12.11
Rincn,PR,72117,72117,9.37
Ro Grande,PR,72119,72119,6.73
Sabana Grande,PR,72121,72121,11
Salinas,PR,72123,72123,14.58
San Germn,PR,72125,72125,11.7
San Juan,PR,72127,72127,3.37
San Lorenzo,PR,72129,72129,15.85
San Sebastin,PR,72131,72131,11.52
Santa Isabel,PR,72133,72133,15.99
Toa Alta,PR,72135,72135,6.58
Toa Baja,PR,72137,72137,5.56
Trujillo Alto,PR,72139,72139,4.5
Utuado,PR,72141,72141,9.23
Vega Alta,PR,72143,72143,9.87
Vega Baja,PR,72145,72145,13.76
Vieques,PR,72147,72147,2.35
Villalba,PR,72149,72149,17.59
Yabucoa,PR,72151,72151,21.34
Yauco,PR,72153,72153,10.08
St. Croix,VI,78010,78010,N/A
St. John,VI,78020,78020,N/A
St. Thomas,VI,78030,78030,N/A